Acer;Aspire 3 A315-24P;Ryzen 3 7320U;8;SSD;256Gb;AMD Radeon 610M 15,6 FHD;15;No OS;48770
Acer;Aspire 3 A315-24P;Ryzen 3 7320U;8;SSD;256Gb;AMD Radeon 610M 15,6 FHD;15;Win11;55770
Acer;Aspire 3 A315-24P;Ryzen 3 7320U;8;SSD;512Gb;AMD Radeon 610M 15,6 FHD;15;No OS;50770
Acer;Aspire 3 A315-24P;Ryzen 5 7520U;8;SSD;256Gb;AMD Radeon 610M 15,6 FHD;15;No OS;53770
Acer;Aspire 3 A315-24P;Ryzen 5 7520U;8;SSD;256Gb;AMD Radeon 610M 15,6 FHD;15;Win11;60770
Acer;Aspire 3 A315-24P;Ryzen 5 7520U;8;SSD;512Gb;AMD Radeon 610M 15,6 FHD;15;No OS;55770
Acer;Aspire 3 A315-35 PQC;N6000;8;SSD;256Gb;Intel UHD Graphics;15;No OS;43770
Acer;Aspire 3 A315-58;i3-1115G4;8;SSD;512Gb;Intel UHD Graphics;15;No OS;50770
Acer;Aspire 3 A315-58;i5-1135G7;8;SSD;512Gb;Intel Iris Xe Graphics;15;No OS;63770
Acer;Aspire 3 A315-59;i3-1215U;8;SSD;256Gb;Intel UHD Graphics;15;No OS;52770
Acer;Aspire 3 A315-59;i3-1215U;8;SSD;256Gb;Intel UHD Graphics;15;Win11;59770
Acer;Aspire 3 A315-59;i3-1215U;8;SSD;512Gb;Intel UHD Graphics;15;No OS;53770
Acer;Aspire 3 A315-59;i5-1235U;16;SSD;512Gb;Intel Iris Xe Graphics;15;No OS;71770
Acer;Aspire 3 A315-59;i5-1235U;8;SSD;512Gb;Intel Iris Xe Graphics;15;No OS;66770
Acer;Aspire 3 A315-59;i5-1235U;8;SSD;512Gb;Intel Iris Xe Graphics;15;No OS;53990
Acer;Aspire 3 A315-59;i5-1235U;8;SSD;512Gb;Intel Iris Xe Graphics;15;Win11;73770
Acer;Aspire 3 A315-59;i7-1255U;16;SSD;512Gb;Intel Iris Xe Graphics;15;No OS;82770
Acer;Aspire 3 A317-53;i3-1115G4;8;SSD;512Gb;Intel UHD Graphics;17;Win11;67770
Acer;Aspire 3 A317-53;i5-1135G7;16;SSD;512Gb;Intel Iris Xe Graphics;17;Win11;92770
Acer;Aspire 3 A317-54;i3-1215U;8;SSD;512Gb;Intel UHD Graphics;17;No OS;63770
Acer;Aspire 3 A317-54;i5-1235U;16;SSD;512Gb;Intel Iris Xe Graphics;17;No OS;83770
Acer;Aspire 3 A317-54;i5-1235U;8;SSD;512Gb;Intel Iris Xe Graphics;17;No OS;77770
Acer;Aspire 5 A514-55;i3-1215U;8;SSD;512Gb;Intel UHD Graphics;14;No OS;71770
Acer;Aspire 5 A514-55;i5-1235U;16;SSD;512Gb;Intel Iris Xe Graphics;14;No OS;76770
Acer;Aspire 5 A514-55;i7-1255U;16;SSD;512Gb;Intel Iris Xe Graphics;14;No OS;87770
Acer;Aspire 5 A515-45;Ryzen 3 5300U;8;SSD;256Gb;AMD Radeon Graphics;15;No OS;57770
Acer;Aspire 5 A515-45;Ryzen 3 5300U;8;SSD;512Gb;AMD Radeon Graphics;15;No OS;59770
Acer;Aspire 5 A515-45;Ryzen 3 5300U;8;SSD;512Gb;AMD Radeon Graphics;15;Win11;66770
Acer;Aspire 5 A515-45;Ryzen 5 5500U;16;SSD;512Gb;AMD Radeon Graphics;15;No OS;69770
Acer;Aspire 5 A515-45;Ryzen 5 5500U;16;SSD;512Gb;AMD Radeon Graphics;15;Win11;81770
Acer;Aspire 5 A515-45;Ryzen 5 5500U;8;SSD;256Gb;AMD Radeon Graphics;15;No OS;62770
Acer;Aspire 5 A515-45;Ryzen 5 5500U;8;SSD;512Gb;AMD Radeon Graphics;15;No OS;63770
Acer;Aspire 5 A515-45;Ryzen 7 5700U;16;SSD;512Gb;AMD Radeon Graphics;15;No OS;77770
Acer;Aspire 5 A515-45;Ryzen 7 5700U;16;SSD;512Gb;AMD Radeon Graphics;15;Win11;89770
Acer;Aspire 5 A515-45;Ryzen 7 5700U;8;SSD;512Gb;AMD Radeon Graphics;15;No OS;72770
Acer;Aspire 5 A515-47;Ryzen 3 5425U;8;SSD;256Gb;AMD Radeon Graphics;15;No OS;64770
Acer;Aspire 5 A515-47;Ryzen 3 5425U;8;SSD;512Gb;AMD Radeon Graphics;15;No OS;65770
Acer;Aspire 5 A515-47;Ryzen 5 5625U;16;SSD;512Gb;AMD Radeon Graphics;15;No OS;73770
Acer;Aspire 5 A515-47;Ryzen 5 5625U;8;SSD;512Gb;AMD Radeon Graphics;15;No OS;68770
Acer;Aspire 5 A515-56;i5-1135G7;8;SSD;512Gb;NVIDIA MX450 2Gb 15,6 FHD;15;No OS;66770
Acer;Aspire 5 A515-57;i3-1215U;8;SSD;512Gb;Intel UHD Graphics;15;No OS;58770
Acer;Aspire 5 A515-57;i5-1235U;16;SSD;512Gb;Intel Iris Xe Graphics;15;No OS;76770
Acer;Aspire 5 A515-57;i5-1235U;16;SSD;512Gb;Intel Iris Xe Graphics;15;No OS;81770
Acer;Aspire 5 A515-57;i5-1235U;16;SSD;512Gb;Intel Iris Xe Graphics;15;Win11;92770
Acer;Aspire 5 A515-57;i5-1235U;8;SSD;512Gb;Intel Iris Xe Graphics;15;No OS;71770
Acer;Aspire 5 A515-57;i7-1255U;16;SSD;512Gb;Intel Iris Xe Graphics;15;No OS;86770
Acer;Aspire 5 A515-57;i7-1255U;16;SSD;512Gb;Intel Iris Xe Graphics;15;No OS;92770
Acer;Aspire 5 A515-57G;i5-1235U;16;SSD;512Gb;NVIDIA MX550 2Gb 15,6 QHD;15;No OS;84770
Acer;Aspire 5 A515-57G;i5-1235U;16;SSD;512Gb;NVIDIA MX550 2Gb 15,6 QHD;15;Win11;91770
Acer;Aspire 5 A517-53;i3-1215U;8;SSD;512Gb;Intel UHD Graphics;17;No OS;68770
Acer;Aspire 5 A517-53;i5-1235U;16;SSD;512Gb;Intel Iris Xe Graphics;17;No OS;88770
Acer;Aspire 5 A517-53;i5-1235U;8;SSD;256Gb;Intel Iris Xe Graphics;17;No OS;81770
Acer;Aspire 5 A517-53;i7-1255U;16;SSD;512Gb;Intel Iris Xe Graphics;17;No OS;100770
Acer;Aspire 5 A517-53G;i5-1235U;16;SSD;512Gb;NVIDIA MX550 2Gb 17,3 FHD;17;No OS;98770
Acer;Aspire 5 A517-53G;i5-1235U;8;SSD;512Gb;NVIDIA MX550 2Gb 17,3 FHD;17;No OS;92770
Acer;Aspire 5 A517-53G;i5-1240P;16;SSD;512Gb;NVIDIA RTX 2050 for Laptop;17;No OS;107770
Acer;Aspire 7 A715-43G;Ryzen 5 5625U;16;SSD;512Gb;NVIDIA RTX 3050 for Laptop;15;No OS;94770
Acer;Aspire 7 A715-43G;Ryzen 5 5625U;8;SSD;512Gb;NVIDIA RTX 3050 for Laptop;15;Win11;95770
Acer;Aspire A315-56;i5-1035G1;12;SSD;512Gb;Intel UHD Graphics;15;No OS;50390
Acer;Extensa EX215-22;AMD 3020e;4;SSD;256Gb;AMD Radeon Graphics;15;No OS;26990
Acer;Extensa EX215-22;AMD 3020e;8;SSD;256Gb;AMD Radeon Graphics;15;No OS;28200
Acer;Nitro 5 AN515-46;Ryzen 5 6600H;8;SSD;512Gb;NVIDIA RTX 3050 for Laptop;15;No OS;99770
Acer;Nitro 5 AN515-57;i5-11400H;16;SSD;512Gb;NVIDIA GTX1650 4Gb 15,6 FHD;15;No OS;65990
Acer;Nitro 5 AN515-58;i5-12500H;8;SSD;512Gb;NVIDIA RTX 3050 for Laptop;15;No OS;100770
Acer;Swift 3 SF314-43;Ryzen 3 5300U;8;SSD;512Gb;AMD Radeon Graphics;14;Win11;73770
Acer;Swift 3 SF314-43;Ryzen 5 5500U;16;SSD;512Gb;AMD Radeon Graphics;14;No OS;76770
Acer;Swift 3 SF314-43;Ryzen 5 5500U;16;SSD;512Gb;AMD Radeon Graphics;14;Win11;87770
Acer;Swift 3 SF314-43;Ryzen 7 5700U;16;SSD;512Gb;AMD Radeon Graphics;14;No OS;84770
Acer;Swift 3 SF314-43;Ryzen 7 5700U;16;SSD;512Gb;AMD Radeon Graphics;14;Win11;96770
Acer;Swift 3 SF314-44;Ryzen 5 5625U;16;SSD;512Gb;AMD Radeon Graphics;14;No OS;86770
Acer;Swift 3 SF314-44;Ryzen 5 5625U;16;SSD;512Gb;AMD Radeon Graphics;14;Win11;97770
Acer;Swift 3 SF314-44;Ryzen 7 5825U;16;SSD;512Gb;AMD Radeon Graphics;14;No OS;93770
Acer;Swift 3 SF314-511;i3-1115G4;8;SSD;256Gb;Intel UHD Graphics;14;No OS;43990
Acer;Swift 3 SF314-511;i5-1135G7;8;SSD;512Gb;Intel Iris Xe Graphics;14;No OS;62990
Acer;Swift 3 SF314-512;i5-1240P;16;SSD;512Gb;Intel Iris Xe Graphics;14;No OS;89770
Acer;Swift 3 SF316-51;i7-11370H;16;SSD;512Gb;Intel Iris Xe Graphics;16;No OS;85990
Acer;TravelMate P2 P215-52;i3-10110U;4;SSD;256Gb;Intel UHD Graphics;15;Win10Pro;48290
Acer;TravelMate P2 P215-52;i3-10110U;8;SSD;256Gb;Intel UHD Graphics;15;Win10Pro;49490
ADATA;XPG Xenia 14;i5-1135G7;16;SSD;512Gb;Intel Iris Xe Graphics;14;Win10;79900
ADATA;XPG Xenia 14;i7-1165G7;16;SSD;512Gb;Intel Iris Xe Graphics;14;Win10;99900
ADATA;XPG Xenia 15KC;i7-11800H;32;SSD;1Tb;NVIDIA RTX 3070 for Laptop;15;Win10;154900
ADATA;XPG Xenia 15TC;i5-1135G7;16;SSD;512Gb;Intel Iris Xe Graphics;15;Free DOS;66900
ADATA;XPG Xenia 15TC;i5-1135G7;8;SSD;256Gb;Intel Iris Xe Graphics;15;Free DOS;59900
ADATA;XPG Xenia 15TC;i7-1165G7;16;SSD;512Gb;Intel Iris Xe Graphics;15;Free DOS;75900
ADATA;XPG Xenia 16RX;Ryzen 7 6800H;16;SSD;1Tb;AMD Radeon RX 6650M XT 8Gb;16;Free DOS;133900
Apple;MacBook Air M1 2020;MGN63SA/A Apple M1;8;SSD;256Gb;Apple 7-core Graphics;15,6;;89900
Apple;MacBook Air M1 2020;MGN93SA/A Apple M1;8;SSD;256Gb;Apple 7-core Graphics;15,6;;89900
Apple;MacBook Air M1 2020;MGND3SA/A Apple M1;8;SSD;256Gb;Apple 7-core Graphics;15,6;;89900
Aquarius;Cmp NS685U ( ; .2) i5-10210U;8;SSD;256Gb;Intel UHD Graphics;15,6;Win10Pro;132770
ASUS;A516EA;i3-1115G4;8;SSD;256Gb;Intel UHD Graphics;16;No OS;44770
ASUS;ExpertBook B1 B1400CEAE PDC;7505;8;SSD;256Gb;Intel UHD Graphics;14;No OS;43770
ASUS;ExpertBook B1 B1500CEAE;i3-1115G4;8;SSD;256Gb;Intel UHD Graphics;15;No OS;45390
ASUS;ExpertBook B1 B1500CEAE;i3-1115G4;8;SSD;256Gb;Intel UHD Graphics;15;No OS;49770
ASUS;ExpertBook B1 B1500CEAE;i3-1115G4;8;SSD;256Gb;Intel UHD Graphics;15;Win10Pro;69770
ASUS;ExpertBook B1 B1500CEAE;i3-1115G4;8;SSD;256Gb;Intel UHD Graphics;15;Win11;58770
ASUS;ExpertBook B1 B1500CEAE;i5-1135G7;8;SSD;512Gb;Intel UHD Graphics;15;No OS;68770
ASUS;ExpertBook B1 B1500CEAE;i7-1165G7;8;SSD;512Gb;Iris Xe Graphics;15;Win10Pro;98770
ASUS;ExpertBook B3 Flip B3402F;i3-1115G4;8;SSD;256Gb;Intel UHD Graphics;14;Win11;70770
ASUS;ExpertBook B3 Flip B3402F;i3-1115G4;8;SSD;512Gb;Intel UHD Graphics;14;Win11;75770
ASUS;ExpertBook B3 Flip B3402F;i5-1135G7;8;SSD;256Gb;Iris Xe Graphics;14;Win11;89770
ASUS;ExpertBook B3 Flip B3402F;i5-1135G7;8;SSD;512Gb;Iris Xe Graphics;14;Win11;82990
ASUS;ExpertBook B5 B5302C;i3-1115G4;8;SSD;256Gb;UHD Graphics;15,6;Win11Pro;91770
ASUS;ExpertBook B5 B5302C;i5-1135G7;8;SSD;512Gb;Iris Xe Graphics;15,6;Win11;86990
ASUS;ExpertBook B5 Flip B5402F;i5-1155G7;8;SSD;512Gb;Iris Xe Graphics;14;Win11;92770
ASUS;ExpertBook B5 Flip B5402F;i5-1155G7;8;SSD;512Gb;Iris Xe Graphics;14;Win11Pro;109770
ASUS;ExpertBook L1 L1500CDA;Ryzen 3 3250U;8;SSD;256Gb;AMD Radeon Graphics;15;No OS;46770
ASUS;ExpertBook L1 L1500CDA;Ryzen 3 3250U;8;SSD;512Gb;AMD Radeon Graphics;15;No OS;52770
ASUS;ExpertBook L1 L1500CDA;Ryzen 3 3250U;8;SSD;512Gb;AMD Radeon Graphics;15;Win10;48390
ASUS;M515DA;Ryzen 3 3250U;8;SSD;512Gb;AMD Radeon Graphics;15;No OS;46770
ASUS;P1512;i5-1135G7;8;SSD;512Gb;Intel Iris Xe Graphics;15;No OS;56770
ASUS;P1512;i7-1165G7;8;SSD;512Gb;Intel Iris Xe Graphics;15;No OS;76770
ASUS;R565JA;i3-1005G1;8;SSD;256Gb;Intel UHD Graphics;15,6;No OS;39990
ASUS;R565JA;i5-1035G1;8;SSD;512Gb;Intel UHD Graphics;15,6;No OS;50990
ASUS;ROG Flow X16 GV601RW;Ryzen 9 6900HS;32;SSD;1Tb;NVIDIA RTX 3070Ti � 8Gb;16;No OS;235770
ASUS;ROG Strix G15 G513IE;Ryzen 7 4800H;16;SSD;512Gb;NVIDIA RTX 3050Ti for Laptop;15;Win11;117770
ASUS;ROG Strix G15 G513IM;Ryzen 7 4800H;16;SSD;512Gb;NVIDIA RTX 3060 for Laptop;15;Win11;135770
ASUS;ROG Strix G17 G713RM;Ryzen 7 6800H;16;SSD;1Tb;NVIDIA RTX 3060 for Laptop;17;No OS;159770
ASUS;ROG Strix G17 G713RS;Ryzen 9 6900HX;16;SSD;1Tb;NVIDIA RTX 3080 for Laptop;17;No OS;220770
ASUS;ROG Strix G17 G713RS;Ryzen 9 6900HX;16;SSD;1Tb;NVIDIA RTX 3080 for Laptop;17;No OS;214770
ASUS;ROG Strix G17 G713RW;Ryzen 9 6900HX;16;SSD;1Tb;NVIDIA RTX 3070Ti for Laptop;17;No OS;190770
ASUS;ROG Strix�SCAR 17 G733ZS;i9-12900H;16;SSD;1Tb;NVIDIA RTX 3080 for Laptop;17;No OS;258770
ASUS;ROG Strix�SCAR 17 G733ZW;i9-12900H;16;SSD;1Tb;NVIDIA RTX 3070Ti for Laptop 8Gb;17;Win11;251770
ASUS;ROG Zephyrus G14 GA402RJ;Ryzen 7 6800HS;16;SSD;512Gb;AMD Radeon RX 6700S 8Gb;14;Win11;173770
ASUS;ROG Zephyrus G14 GA402RJ;Ryzen 7 6800HS;16;SSD;512Gb;AMD Radeon RX 6700S 8Gb;14;Win11;173770
ASUS;ROG Zephyrus M16 GU603HM;i9-11900H;16;SSD;1Tb;NVIDIA RTX 3060 for Laptop� 6Gb;16;Win10(ENG);207770
ASUS;TUF Dash�F15 FX516PE;i7-11370H;8;SSD;512Gb;NVIDIA RTX 3050Ti 4Gb 15,6;15;Win10(ENG);89990
ASUS;TUF Dash�F15 FX517ZC;i5-12450H;8;SSD;512Gb;NVIDIA RTX 3050 for Laptop 4Gb;15;No OS;111770
ASUS;TUF Dash�F15 FX517ZM;i7-12650H;16;SSD;1Tb;NVIDIA RTX 3070 for Laptop 8Gb;15;No OS;149770
ASUS;TUF Gaming A15 FA506ICB;Ryzen 5 4600H;8;SSD;512Gb;NVIDIA RTX 3050 for Laptop;15;No OS;75990
ASUS;TUF Gaming A15 FA506IHR;Ryzen 5 4600H;8;SSD;512Gb;NVIDIA GTX1650 4Gb 15,6 FHD;15;Win11;77770
ASUS;TUF Gaming A15 FA507RE;Ryzen 7 6800H;8;SSD;512Gb;NVIDIA RTX 3050Ti 4Gb 15,6;15;Win11(ENG);80990
ASUS;TUF Gaming A15 FA507RE;Ryzen 7 6800H;8;SSD;512Gb;NVIDIA RTX 3050Ti for Laptop 4Gb;15;No OS;97770
ASUS;TUF Gaming A15 FX506QM;Ryzen 7 5800H;16;SSD;512Gb;NVIDIA RTX 3060 for Laptop;15;No OS;120770
ASUS;TUF Gaming A15 FX506QM;Ryzen 7 5800H;16;SSD;512Gb;NVIDIA RTX 3060 for Laptop;15;Win11;127770
ASUS;TUF Gaming A17 FA707RM;Ryzen 7 6800H;16;SSD;1Tb;NVIDIA RTX 3060 for Laptop 6Gb;17;Win11;147770
ASUS;TUF Gaming A17 FA707RM;Ryzen 7 6800H;16;SSD;512Gb;NVIDIA RTX 3060 for Laptop 6Gb;17;No OS;140770
ASUS;TUF Gaming F15 FX506HC;i5-11400H;16;SSD;512Gb;NVIDIA RTX 3050 for Laptop;15;No OS;97990
ASUS;TUF Gaming F15 FX506HCB;i5-11400H;16;SSD;512Gb;NVIDIA RTX 3050 for Laptop 4Gb;15;Win11;94770
ASUS;TUF Gaming F15 FX506HE;i5-11400H;8;SSD;512Gb;NVIDIA RTX 3050Ti for Laptop;15;No OS;97770
ASUS;TUF Gaming F15 FX506HE;i5-11400H;8;SSD;512Gb;NVIDIA RTX 3050Ti for Laptop;15;No OS;95770
ASUS;TUF Gaming F15 FX506LH;i5-10300H;16;SSD;512Gb;NVIDIA GTX1650 4Gb 15,6 FHD;15;Win11;89770
ASUS;TUF Gaming F17 FX706HEB;i5-11400H;8;SSD;512Gb;NVIDIA RTX 3050Ti for Laptop 4Gb;17;No OS;101770
ASUS;VivoBook 15X M1503QA;Ryzen 5 5600H;16;SSD;512Gb;AMD Radeon Graphics;15;No OS;60990
ASUS;VivoBook 15X M1503QA;Ryzen 7 5800H;16;SSD;1Tb;AMD Radeon Graphics;15;No OS;76770
ASUS;VivoBook 15X M1503QA;Ryzen 7 5800H;16;SSD;512Gb;AMD Radeon Graphics;15;No OS;75770
ASUS;VivoBook 15X X1503ZA;i5-12500H;8;SSD;512Gb;Intel Iris Xe Graphics;15;Win11;75770
ASUS;VivoBook 16X M1603QA;Ryzen 5 5600H;16;SSD;512Gb;AMD Radeon Graphics;16;No OS;58990
ASUS;VivoBook 16X M1603QA;Ryzen 5 5600H;8;SSD;512Gb;AMD Radeon Graphics;16;No OS;53990
ASUS;VivoBook 16X M1603QA;Ryzen 7 5800H;16;SSD;1Tb;AMD Radeon Graphics;16;No OS;71770
ASUS;VivoBook 16X M1603QA;Ryzen 7 5800H;16;SSD;512Gb;AMD Radeon Graphics;16;No OS;60990
ASUS;VivoBook 16X M1603QA;Ryzen 7 5800H;16;SSD;512Gb;AMD Radeon Graphics;16;No OS;61990
ASUS;VivoBook 16X X1603ZA;i5-12500H;16;SSD;512Gb;Intel Iris Xe Graphics;16;No OS;69990
ASUS;VivoBook 17 M1702QA;Ryzen 5 5600H;16;SSD;512Gb;AMD Radeon Graphics;17;No OS;61990
ASUS;VivoBook 17 M1702QA;Ryzen 7 5800H;16;SSD;1Tb;AMD Radeon Graphics;17;No OS;71990
ASUS;VivoBook F513EA;i3-1115G4;8;SSD;256Gb;Intel UHD Graphics;15,6;Win11;51770
ASUS;VivoBook Go 14 Flip;TP1401KA PQC N6000;8;SSD;256Gb;Intel UHD Graphics;14;Win11;59770
ASUS;VivoBook Go 14 Flip;TP1401KA PQC N6000;8;SSD;256Gb;Intel UHD Graphics;14;Win11;57770
ASUS;VivoBook K513EA;i3-1115G4;8;SSD;256Gb;Intel UHD Graphics;15,6;No OS;54770
ASUS;VivoBook K513EA;i5-1135G7;12;SSD;512Gb;Intel Iris Xe Graphics;15,6;No OS;76770
ASUS;VivoBook K513EA;i5-1135G7;16;SSD;512Gb;Intel Iris Xe Graphics;15,6;Win11;84770
ASUS;VivoBook K513EA;i5-1135G7;16;SSD;512Gb;Intel Iris Xe Graphics;15,6;Win11;83770
ASUS;VivoBook K513EA;i5-1135G7;8;SSD;256Gb;Intel Iris Xe Graphics;15,6;;53990
ASUS;VivoBook K513EA;i5-1135G7;8;SSD;512Gb;Intel Iris Xe Graphics;15,6;Win11;69770
ASUS;VivoBook K513EA;i5-1135G7;8;SSD;512Gb;Intel Iris Xe Graphics;15,6;Win11;68900
ASUS;VivoBook K513EA;i5-1135G7;8;SSD;512Gb;Intel Iris Xe Graphics;15,6;Win11;69770
ASUS;VivoBook K513EA;i5-1135G7;8;SSD;512Gb;Intel Iris Xe Graphics;15,6;Win11;77770
ASUS;VivoBook M513UA;Ryzen 7 5700U;16;SSD;512Gb;AMD Radeon Graphics;15,6;Win11;90770
ASUS;VivoBook Pro 14 K3400PA;i5-11300H;8;SSD;512Gb;Intel Iris Xe Graphics;14;Win11;69990
ASUS;VivoBook Pro 14 K3400PA;i5-11300H;8;SSD;512Gb;Intel Iris Xe Graphics;14;Win11;69990
ASUS;VivoBook Pro 14 M3401QA;Ryzen 5 5600H;8;SSD;512Gb;AMD Radeon Graphics;14;Win11;83770
ASUS;VivoBook Pro 14 M3401QA;Ryzen 7 5800H;16;SSD;512Gb;AMD Radeon Graphics;14;Win11;97770
ASUS;VivoBook Pro 14X M7400QE;Ryzen 7 5800H;16;SSD;512Gb;NVIDIA RTX 3050Ti for Laptop;14;No OS;97990
ASUS;VivoBook Pro 14X N7400PC;i5-11300H;16;SSD;512Gb;NVIDIA RTX 3050 for Laptop;14;No OS;95770
ASUS;VivoBook Pro 14X N7400PC;i5-11300H;8;SSD;512Gb;NVIDIA RTX 3050 for Laptop;14;Win11;85990
ASUS;VivoBook Pro 15 K3500PH;i5-11300H;16;SSD;512Gb;NVIDIA GTX1650 MAX-Q 4Gb 15,6;15;No OS;97770
ASUS;VivoBook Pro 15 K6500ZC;i5-12500H;16;SSD;512Gb;NVIDIA RTX 3050 for Laptop 4Gb;15;No OS;101990
ASUS;VivoBook Pro 15 M3500QA;Ryzen 5 5600H;8;SSD;256Gb;AMD Radeon Graphics;15;No OS;67770
ASUS;VivoBook Pro 15 M6500QC;Ryzen 5 5600H;16;SSD;512Gb;NVIDIA RTX 3050 for Laptop;15;No OS;91770
ASUS;VivoBook Pro 15 M6500QC;Ryzen 7 5800H;16;SSD;512Gb;NVIDIA RTX 3050 for Laptop;15;No OS;98770
ASUS;VivoBook Pro 15 M6500QC;Ryzen 7 5800H;16;SSD;512Gb;NVIDIA RTX 3050 for Laptop;15;No OS;96770
ASUS;VivoBook Pro 15 M6500QH;Ryzen 5 5600H;16;SSD;512Gb;NVIDIA GTX1650 4Gb 15,6 FHD;15;No OS;67990
ASUS;VivoBook Pro 15 M6500QH;Ryzen 5 5600H;8;SSD;512Gb;NVIDIA GTX1650 4Gb 15,6 FHD;15;No OS;61990
ASUS;VivoBook Pro 15 M6500QH;Ryzen 7 5800H;16;SSD;512Gb;NVIDIA GTX1650 4Gb 15,6 FHD;15;No OS;82770
ASUS;VivoBook Pro 16X N7600PC;i5-11300H;16;SSD;512Gb;NVIDIA RTX 3050 for Laptop;16;Win11;127990
ASUS;VivoBook Pro 16X N7600PC;i5-11300H;8;SSD;512Gb;NVIDIA RTX 3050 for Laptop;16;No OS;88990
ASUS;VivoBook Pro 16X N7600PC;i7-11370H;16;SSD;1Tb;NVIDIA RTX 3050 for Laptop;16;No OS;161770
ASUS;VivoBook R528EA;i5-1135G7;8;SSD;256Gb;Intel Iris Xe Graphics;15,6;Win11;64770
ASUS;VivoBook R754EA;i3-1115G4;8;SSD;512Gb;Intel UHD Graphics;15,6;Win11;67770
ASUS;VivoBook S 14 M3402RA;Ryzen 7 6800H;16;SSD;1Tb;AMD Radeon 680M 14 2.8K;14;No OS;91770
ASUS;VivoBook S 15 M3502QA;Ryzen 5 5600H;16;SSD;512Gb;AMD Radeon Graphics;15;No OS;66770
ASUS;VivoBook S 15 M3502QA;Ryzen 5 5600H;8;SSD;512Gb;AMD Radeon Graphics;15;No OS;62770
ASUS;VivoBook S 16X M5602QA;Ryzen 7 5800H;16;SSD;512Gb;AMD Radeon Graphics;16;No OS;80990
ASUS;VivoBook S533EA;i5-1135G7;16;SSD;512Gb;Intel Iris Xe Graphics;15,6;No OS;82770
ASUS;VivoBook X513EA;i3-1115G4;8;SSD;256Gb;Intel UHD Graphics;15,6;No OS;41990
ASUS;VivoBook X513EA;i3-1115G4;8;SSD;256Gb;Intel UHD Graphics;15,6;Win11;45990
ASUS;VivoBook X513EA;i5-1135G7;8;SSD;512Gb;Intel Iris Xe Graphics;15,6;Win11;76770
ASUS;VivoBook X712EA;i3-1115G4;8;SSD;256Gb;Intel UHD Graphics;15,6;Win11;66770
ASUS;X409FA;i3-10110U;4;SSD;256Gb;Intel UHD Graphics;14;Win10;34990
ASUS;X409FA;i3-10110U;8;SSD;256Gb;Intel UHD Graphics;14;Win10;36190
ASUS;X415EA;i3-1115G4;4;SSD;128Gb;Intel UHD Graphics;14;Win10;34990
ASUS;X415EA;i3-1115G4;4;SSD;256Gb;Intel UHD Graphics;14;Win11;39990
ASUS;X415EA;i3-1115G4;8;SSD;128Gb;Intel UHD Graphics;14;Win10;36190
ASUS;X415EA;i3-1115G4;8;SSD;256Gb;Intel UHD Graphics;14;No OS;38990
ASUS;X415EA;i3-1115G4;8;SSD;256Gb;Intel UHD Graphics;14;Win11;41990
ASUS;X415JF;i3-1005G1;8;SSD;256Gb;NVIDIA MX130 2Gb 14 FHD;15;No OS;39990
ASUS;X515EA;i3-1115G4;4;SSD;256Gb;Intel UHD Graphics;15;Win11;39990
ASUS;X515EA;i3-1115G4;8;SSD;256Gb;Intel UHD Graphics;15;No OS;46770
ASUS;X515EA;i5-1135G7;8;SSD;256Gb;Intel Iris Xe Graphics;15;No OS;51990
ASUS;X515EA;i5-1135G7;8;SSD;256Gb;Intel Iris Xe Graphics;15;No OS;67770
ASUS;X515EA;i5-1135G7;8;SSD;256Gb;Intel Iris Xe Graphics;15;Win11;55990
ASUS;Y1511CDA;Ryzen 3 3250U;4;SSD;256Gb;AMD Radeon Graphics;15;No OS;35990
ASUS;Y1511CDA;Ryzen 3 3250U;8;SSD;256Gb;AMD Radeon Graphics;15;No OS;37290
ASUS;Zenbook 14 UM3402YA;Ryzen 5 5625U;8;SSD;512Gb;AMD Radeon Graphics;14;Win11;78770
ASUS;Zenbook 14 UM3402YA;Ryzen 7 5825U;16;SSD;512Gb;AMD Radeon Graphics;14;Win11;97770
ASUS;Zenbook 14X UX5400EA;i5-1135G7;8;SSD;512Gb;Intel Iris Xe Graphics;14;Win11;103770
ASUS;Zenbook 14X UX5400EG;i7-1165G7;16;SSD;512Gb;NVIDIA MX450 2Gb 14 2.8K;14;Win10;164770
ASUS;Zenbook 14X UX5401EA;i5-1135G7;16;SSD;512Gb;Intel Iris Xe Graphics;14;Win11;119770
ASUS;Zenbook 14X UX5401ZA;i5-12500H;16;SSD;512Gb;Intel Iris Xe Graphics;14;Win11;122770
ASUS;Zenbook Pro 14 Duo;UX8402ZE i7-12700H;16;SSD;1Tb;NVIDIA RTX 3050Ti for Laptop 4Gb;14;Win11;218990
ASUS;Zenbook UX435EA;i5-1135G7;8;SSD;512Gb;Intel Iris Xe Graphics;14;Win10;92990
Chuwi;CoreBook X;i3-10110U;8;SSD;512Gb;Intel UHD Graphics;14;Win11;32990
Chuwi;CoreBook X;i3-10110U;8;SSD;512Gb;Intel UHD Graphics;14;Win11Pro;42770
Chuwi;CoreBook XPro;i3-10110U;8;SSD;256Gb;Intel UHD Graphics;15,6;Win11;36770
Chuwi;CoreBook XPro;i3-10110U;8;SSD;256Gb;Intel UHD Graphics;15,6;Win11Pro;43770
Chuwi;CoreBook XPro;i5-10210U;16;SSD;512Gb;Intel UHD Graphics;15,6;Win11;44990
Chuwi;CoreBook XPro;i5-10210U;16;SSD;512Gb;Intel UHD Graphics;15,6;Win11Pro;51770
Chuwi;CoreBook XPro;i5-10210U;8;SSD;256Gb;Intel UHD Graphics;15,6;Win11;38990
Colorful;X15-AT 22;i5-12500H;16;SSD;512Gb;NVIDIA RTX 3060 for Laptop;15;Win11;103770
Colorful;X15-AT 22;i7-12700H;16;SSD;512Gb;NVIDIA RTX 3060 for Laptop;15;Win11;106770
Colorful;X15-XS 22;i5-12500H;16;SSD;512Gb;NVIDIA RTX 3050Ti for Laptop;15;Win11;89770
Colorful;X17-AT 22;i7-12700H;16;SSD;512Gb;NVIDIA RTX 3060 for Laptop;17;Win11;111770
Dream;Machines G1650-15KZ83;i5-12500H;16;SSD;1Tb;NVIDIA GTX1650 4Gb 15,6 FHD;15;No OS;97770
Dream;Machines G1650-15KZ84;i5-12500H;32;SSD;1Tb;NVIDIA GTX1650 4Gb 15,6 FHD;15;No OS;106770
Dream;Machines G1650-15KZ88;i7-12700H;16;SSD;1Tb;NVIDIA GTX1650 4Gb 15,6 FHD;15;No OS;106770
Dream;Machines G1650-15KZ89;i7-12700H;32;SSD;1Tb;NVIDIA GTX1650 4Gb 15,6 FHD;15;No OS;112770
Dream;Machines G1650-17KZ85;i7-12700H;16;SSD;500Gb;NVIDIA GTX1650 4Gb 17,3 FHD;17;No OS;109770
Dream;Machines G1650-17KZ86;i7-12700H;16;SSD;1Tb;NVIDIA GTX1650 4Gb 17,3 FHD;17;No OS;112770
Dream;Machines RG3050-15KZ33;i5-12500H;16;SSD;1Tb;NVIDIA RTX 3050 for Laptop;15;No OS;106770
Dream;Machines RG3050Ti-17KZ21;i5-11400H;16;SSD;1Tb;NVIDIA RTX 3050Ti for Laptop;17;No OS;88990
Dream;Machines RG3050Ti-17KZ35;i7-12700H;16;SSD;500Gb;NVIDIA RTX 3050Ti for Laptop;17;No OS;128770
Dream;Machines RG3050Ti-17KZ36;i7-12700H;16;SSD;1Tb;NVIDIA RTX 3050Ti for Laptop;17;No OS;129770
Dream;Machines RG3060-15KZ20;i5-11400H;16;SSD;500Gb;NVIDIA RTX 3060 for Laptop;15;No OS;95990
Dream;Machines RG3060-15KZ50;i7-12700H;16;SSD;1Tb;NVIDIA RTX 3060 for Laptop;15;No OS;137770
Dream;Machines RG3060-15KZ51;i7-12700H;32;SSD;1Tb;NVIDIA RTX 3060 for Laptop;15;No OS;146770
Dream;Machines RG3060-17KZ38;i7-12700H;16;SSD;1Tb;NVIDIA RTX 3060 for Laptop;17;No OS;145770
Dream;Machines RG3070Ti-15KZ20;i7-12700H;16;SSD;1Tb;NVIDIA RTX 3070Ti for Laptop;15;No OS;211770
Dream;Machines RG3070Ti-15KZ21;i7-12700H;32;SSD;1Tb;NVIDIA RTX 3070Ti for Laptop;15;No OS;218770
Dream;Machines RG3080Ti-15KZ25;i9-12900H;16;SSD;1Tb;NVIDIA RTX 3080Ti for Laptop;15;No OS;308770
Dream;Machines RT3060-15KZ30;Ryzen 5 5600X;16;SSD;1Tb;NVIDIA RTX 3060 for Laptop;15;No OS;125990
Dream;Machines RT3060-15KZ31;Ryzen 7 3700X;16;SSD;1Tb;NVIDIA RTX 3060 for Laptop;15;No OS;131990
Dream;Machines RT3070-15KZ30;Ryzen 5 5600X;16;SSD;1Tb;NVIDIA RTX 3070 for Laptop;15;No OS;144990
F+;Flaptop i;i3-1215U;16;SSD;512Gb;Intel UHD Graphics;15,6;Win11;42990
F+;Flaptop i;i3-1215U;8;SSD;256Gb;Intel UHD Graphics;15,6;Win11;36990
F+;Flaptop i;i3-1215U;8;SSD;512Gb;Intel UHD Graphics;15,6;Win11;39990
F+;Flaptop i;i5-1235U;16;SSD;1Tb;Intel Iris Xe Graphics;15,6;Win11;51990
F+;Flaptop i;i5-1235U;16;SSD;512Gb;Intel Iris Xe Graphics;15,6;Win11;48990
F+;Flaptop i;i5-1235U;8;SSD;256Gb;Intel Iris Xe Graphics;15,6;Win11;41990
F+;Flaptop i;i5-1235U;8;SSD;512Gb;Intel Iris Xe Graphics;15,6;Win11;43990
F+;Flaptop r;Ryzen 3 5400U;16;SSD;512Gb;AMD Radeon Graphics;15,6;Win11;43990
F+;Flaptop r;Ryzen 3 5400U;8;SSD;512Gb;AMD Radeon Graphics;15,6;Win11;40990
F+;Flaptop r;Ryzen 5 5600U;16;SSD;512Gb;AMD Radeon Graphics;15,6;Win11;55990
F+;Flaptop r;Ryzen 5 5600U;8;SSD;256Gb;AMD Radeon Graphics;15,6;Win11;46990
F+;Flaptop r;Ryzen 5 5600U;8;SSD;512Gb;AMD Radeon Graphics;15,6;Win11;51990
GIGABYTE;A5 K1;Ryzen 5 5600H;16;SSD;512Gb;NVIDIA RTX 3060 for Laptop;15,6;Free DOS;81990
GIGABYTE;AERO 16 XE4;i7-12700H;16;SSD;1Tb;NVIDIA RTX 3070Ti for Laptop;16;Win11Pro;192770
GIGABYTE;AERO 16 XE5;i7-12700H;32;SSD;1Tb;NVIDIA RTX 3070Ti for Laptop;16;Win11Pro;165770
GIGABYTE;AERO 16 XE5;i7-12700H;32;SSD;1Tb;NVIDIA RTX 3070Ti for Laptop;16;Win11Pro;210770
GIGABYTE;AERO 17 XE5;i7-12700H;32;SSD;1Tb;NVIDIA RTX 3070Ti for Laptop;17;Win11Pro;189990
GIGABYTE;AORUS 15 KE4;i7-12700H;16;SSD;1Tb;NVIDIA RTX 3060 for Laptop;15;No OS;119990
GIGABYTE;AORUS 15 XE4;i7-12700H;16;SSD;1Tb;NVIDIA RTX 3070Ti for Laptop;15;Win11(ENG);162770
GIGABYTE;AORUS 15 XE5;i7-12700H;16;SSD;1Tb;NVIDIA RTX 3070Ti for Laptop;15;Win11(ENG);170770
GIGABYTE;AORUS 15 XE5;i7-12700H;32;SSD;1Tb;NVIDIA RTX 3070Ti for Laptop;15;Win11;187770
GIGABYTE;AORUS 15 XE5;i7-12700H;32;SSD;512Gb;NVIDIA RTX 3070Ti for Laptop;15;Win11;176770
GIGABYTE;AORUS 15P XD;i7-11800H;16;SSD;1Tb;NVIDIA RTX 3070 for Laptop;15;Win11(ENG);128770
GIGABYTE;AORUS 17 XE4;i7-12700H;16;SSD;1Tb;NVIDIA RTX 3070Ti for Laptop;17;Win11(ENG);160770
GIGABYTE;AORUS 17G KD;i7-11800H;16;SSD;1Tb;NVIDIA RTX 3060 for Laptop;17;Win10(ENG);137770
GIGABYTE;AORUS 5 SE4;i7-12700H;16;SSD;512Gb;NVIDIA RTX 3070 for Laptop;15,6;No OS;141770
GIGABYTE;AORUS 5 SE4;i7-12700H;16;SSD;512Gb;NVIDIA RTX 3070 for Laptop;15,6;Win11;131990
HASEE;G8-DA7NP;i7-12700H;16;SSD;512Gb;NVIDIA RTX 3060 for Laptop;15,6;Free DOS;97900
HASEE;S7-DA5NP;i5-12500H;16;SSD;512Gb;NVIDIA RTX 3050 for Laptop;15,6;Free DOS;66900
HASEE;S7-DA7NP;i7-12650H;16;SSD;512Gb;NVIDIA RTX 3050 for Laptop;15,6;Free DOS;69900
HASEE;S7-TA5NB;i5-11260H;8;SSD;512Gb;NVIDIA RTX 3050 for Laptop;15,6;Free DOS;59900
HASEE;S7T-DA5NP;i5-12500H;16;SSD;512Gb;NVIDIA RTX 3050Ti for Laptop;15,6;Free DOS;68900
HASEE;S7T-DA7NP;i7-12650H;16;SSD;512Gb;NVIDIA RTX 3050Ti for Laptop;15,6;Free DOS;77900
HASEE;Z7-TA5NA;i5-11260H;8;SSD;512Gb;NVIDIA RTX 3050 for Laptop;15,6;Free DOS;64900
HASEE;Z7M-CU5NB;i5-10300H;8;SSD;512Gb;NVIDIA GTX1650 4Gb 15,6 FHD;15,6;Free DOS;49900
HASEE;Z7T-DA5NP;i5-12500H;16;SSD;512Gb;NVIDIA RTX 3050Ti for Laptop;15,6;Free DOS;72900
HASEE;Z8-DA5NS;i5-12450H;16;SSD;512Gb;NVIDIA RTX 3060 for Laptop;15,6;Free DOS;77900
HASEE;Z8-DA7NS;i7-12650H;16;SSD;512Gb;NVIDIA RTX 3060 for Laptop;15,6;Free DOS;83900
HASEE;Z8-DA7NT;i7-12700H;16;SSD;1Tb;NVIDIA RTX 3060 for Laptop;15,6;Free DOS;92900
HIPER;DZEN;i3-1115G4;8;SSD;256Gb;Intel UHD Graphics;15,6;No OS;58900
HIPER;DZEN;i3-1115G4;8;SSD;256Gb;Intel UHD Graphics;15,6;Win10;61400
HIPER;DZEN;i3-1115G4;8;SSD;256Gb;Intel UHD Graphics;15,6;Win10Pro;63000
HIPER;DZEN;i5-1135G7;16;SSD;512Gb;Intel Iris Xe Graphics;15,6;Free DOS;73400
HIPER;DZEN;i5-1135G7;16;SSD;512Gb;Intel Iris Xe Graphics;15,6;No OS;76800
HIPER;DZEN;i5-1135G7;16;SSD;512Gb;Intel Iris Xe Graphics;15,6;Win10;79600
HIPER;DZEN;i5-1135G7;16;SSD;512Gb;Intel Iris Xe Graphics;15,6;Win10Pro;77400
HIPER;DZEN;i5-1135G7;16;SSD;512Gb;NVIDIA MX450 2Gb 15,6 FHD;15,6;No OS;90400
HIPER;DZEN;i5-1135G7;16;SSD;512Gb;NVIDIA MX450 2Gb 15,6 FHD;15,6;Win10;93800
HIPER;DZEN;i5-1135G7;8;SSD;256Gb;Intel Iris Xe Graphics;15,6;Free DOS;67700
HIPER;DZEN;i5-1135G7;8;SSD;256Gb;Intel Iris Xe Graphics;15,6;Free DOS;73000
HIPER;DZEN;i5-1135G7;8;SSD;256Gb;Intel Iris Xe Graphics;15,6;Win10;75900
HIPER;DZEN;i7-1165G7;16;SSD;512Gb;Intel Iris Xe Graphics;15,6;Win10Pro;88600
HIPER;DZEN;i7-1165G7;16;SSD;512Gb;Intel Iris Xe Graphics;15,6;Win10Pro;78600
HIPER;DZEN;i7-1165G7;16;SSD;512Gb;NVIDIA MX450 2Gb 15,6 FHD;15,6;Win10;103700
HIPER;EXPERTBOOK;Ryzen 5 5600U;16;SSD;512Gb;AMD Radeon Graphics;15,6;Free DOS;56900
HIPER;EXPERTBOOK;Ryzen 5 5600U;8;SSD;256Gb;AMD Radeon Graphics;15,6;Free DOS;52900
HIPER;EXPERTBOOK;Ryzen 5 5600U;8;SSD;256Gb;AMD Radeon Graphics;15,6;Win10;54900
HIPER;EXPERTBOOK;Ryzen 7 5800U;16;SSD;512Gb;AMD Radeon Graphics;15,6;Free DOS;61900
HIPER;EXPERTBOOK;Ryzen 7 5800U;8;SSD;256Gb;AMD Radeon Graphics;15,6;Free DOS;57900
HIPER;EXPERTBOOK;Ryzen 7 5800U;8;SSD;256Gb;AMD Radeon Graphics;15,6;Win10;59900
HIPER;GAMING G16;i7-11700;16;SSD;1Tb;NVIDIA RTX 3070 for Laptop;16;No OS;215600
HIPER;GAMING G16;i7-11700;16;SSD;1Tb;NVIDIA RTX 3070 for Laptop;16;Win11Pro;220000
HIPER;GAMING G16;i7-11700;32;SSD;1Tb;NVIDIA RTX 3070 for Laptop;16;No OS;223900
HIPER;GAMING G16;i7-11700;32;SSD;1Tb;NVIDIA RTX 3070 for Laptop;16;Win11Pro;228300
HIPER;GAMING G16;i7-11700;32;SSD;2Tb;NVIDIA RTX 3070 for Laptop;16;No OS;228800
HIPER;GAMING G16;i7-11700;32;SSD;2Tb;NVIDIA RTX 3070 for Laptop;16;Win11Pro;236500
HIPER;NOTEBOOK;i5-1135G7;16;SSD;512Gb;Intel Iris Xe Graphics;15,6;Win10Pro;73700
HIPER;NOTEBOOK;i5-1135G7;16;SSD;512Gb;NVIDIA MX450 2Gb 15,6 FHD;15,6;Win10Pro;93400
HIPER;OFFICE HLP;i5-1235U;16;SSD;512Gb;Intel Iris Xe Graphics;15,6;Free DOS;77000
HIPER;OFFICE HLP;i5-1235U;16;SSD;512Gb;Intel Iris Xe Graphics;15,6;Win10Pro;80800
HIPER;OFFICE HLP;i5-1235U;8;SSD;256Gb;Intel Iris Xe Graphics;15,6;Free DOS;72800
HIPER;SLIM H1306;i3-1215U;16;SSD;512Gb;Intel UHD Graphics;15,6;Free DOS;65000
HIPER;SLIM H1306;i3-1215U;16;SSD;512Gb;Intel UHD Graphics;15,6;Win10Pro;67700
HIPER;SLIM H1306;i5-1235U;16;SSD;512Gb;Intel Iris Xe Graphics;15,6;Free DOS;85500
HIPER;SLIM H1306;i5-1235U;16;SSD;512Gb;Intel Iris Xe Graphics;15,6;Win10;88200
HIPER;SLIM H1306;i5-1235U;8;SSD;256Gb;Intel Iris Xe Graphics;15,6;Free DOS;80500
HIPER;WorkBook A1568K;i5-1035G1;16;SSD;512Gb;Intel UHD Graphics;15;Free DOS;52300
HIPER;WorkBook A1568K;i5-1035G1;16;SSD;512Gb;Intel UHD Graphics;15;Win11;54800
HIPER;WorkBook A1568K;i5-1035G1;8;SSD;512Gb;Intel UHD Graphics;15;Win10Pro;53900
HIPER;WorkBook A1568K;i5-1135G7;16;SSD;512Gb;Intel Iris Xe Graphics;15;Free DOS;57200
HIPER;WorkBook A1568K;i5-1135G7;16;SSD;512Gb;Intel Iris Xe Graphics;15;Win10Pro;60500
HIPER;WorkBook A1568K;i5-1135G7;8;SSD;512Gb;Intel Iris Xe Graphics;15;Free DOS;53900
HIPER;WorkBook A1568K;i5-1135G7;8;SSD;512Gb;Intel Iris Xe Graphics;15;Win10Pro;58100
HIPER;WorkBook;i3-10110U;8;SSD;256Gb;Intel UHD Graphics;15,6;Win10;48000
HIPER;WorkBook;i3-10110U;8;SSD;256Gb;Intel UHD Graphics;15,6;Win10;47600
HIPER;WorkBook;i5-10210U;16;SSD;512Gb;Intel UHD Graphics;15,6;Win10;53500
HIPER;WorkBook;i5-10210U;8;SSD;256Gb;Intel UHD Graphics;15,6;No OS;51100
HIPER;WorkBook;i5-10210U;8;SSD;256Gb;Intel UHD Graphics;15,6;Win10;55300
HIPER;WorkBook MTL1585W;i3-1115G4;8;SSD;512Gb;Intel UHD Graphics;15;Free DOS;51700
HIPER;WorkBook MTL1585W;i3-1115G4;8;SSD;512Gb;Intel UHD Graphics;15;Win10Pro;57200
HIPER;WorkBook MTL1585W;i5-1135G7;16;SSD;512Gb;Intel Iris Xe Graphics;15;Win10Pro;73700
Honor;MagicBook 16 HYM-W56;Ryzen 5 5600H;16;SSD;512Gb;AMD Radeon Graphics;16;Win11;54900
Honor;MagicBook X14 NBR-WAH9;i5-10210U;8;SSD;512Gb;Intel UHD Graphics;14;Win10;54990
HP;15;i7-1255U;8;SSD;512Gb;NVIDIA MX550 2Gb 15,6 FHD;15;Free DOS;63990
HP;15s;i7-1165G7;8;SSD;512Gb;Intel Iris Xe Graphics;15;Free DOS;67770
HP;15s;Ryzen 3 3250U;4;SSD;128Gb;AMD Radeon Graphics;15;Win11;34690
HP;15s;Ryzen 3 3250U;8;SSD;512Gb;AMD Radeon Graphics;15;Free DOS;43990
HP;15s;Ryzen 3 5300U;16;SSD;512Gb;AMD Radeon Graphics;15;Win11(ENG);69770
HP;15s;Ryzen 3 5300U;8;SSD;256Gb;AMD Radeon Graphics;15;Win11;47990
HP;15s;Ryzen 5 5500U;8;SSD;512Gb;AMD Radeon Graphics;15;Win11;68770
HP;15s;Ryzen 7 5700U;8;SSD;512Gb;AMD Radeon Graphics;15;Win11;74770
HP;15s;Ryzen 7 5825U;16;SSD;1Tb;AMD Radeon Graphics;15;Win11;87770
HP;17;i5-1155G7;8;SSD;512Gb;NVIDIA MX350 2Gb 17,3 FHD;17;Win11(ENG);95770
HP;255 G8;Ryzen 5 5500U;8;SSD;512Gb;AMD Radeon Graphics;15,6;Win10;49990
HP;Pavilion 14;i3-1125G4;8;SSD;512Gb;Intel UHD Graphics;14;Win11;64770
HP;ProBook 450 G9;i5-1235U;8;SSD;512Gb;NVIDIA MX570 2Gb 15,6 FHD;15,6;Free DOS;74990
HP;ProBook 650 G8;i5-1135G7;8;SSD;256Gb;Intel Iris Xe Graphics;15,6;Win10Pro;81990
HP;Victus 15;i5-12450H;8;SSD;512Gb;NVIDIA GTX1650 4Gb 15,6 FHD;15;Win11(ENG);66990
HP;Victus 15;i5-12500H;8;SSD;512Gb;NVIDIA RTX 3050 for Laptop;15;Win11(ENG);72990
HP;Victus 16;Ryzen 7 5800H;16;SSD;1Tb;NVIDIA RTX 3060 for Laptop;16;Free DOS;114770
HP;ZBook Firefly 15 G8;i7-1165G7;16;SSD;512Gb;Intel Iris Xe Graphics;15;Free DOS;121770
HP;ZBook Firefly 15 G8;i7-1165G7;32;SSD;512Gb;Intel Iris Xe Graphics;15;Free DOS;127770
Huawei;MateBook 14 2021 KLVL-W56W;Ryzen 5 5500U;16;SSD;512Gb;AMD Radeon Graphics;14;Win11;89900
Huawei;MateBook B3-410 NBZ-WBH9B;i5-10210U;8;SSD;512Gb;Intel UHD Graphics;14;Win10Pro;105500
Huawei;MateBook B3-420 NDZ-WDH9A;i5-1135G7;16;SSD;512Gb;Intel Iris Xe Graphics;14;Win10Pro;126000
Huawei;MateBook B3-420 NDZ-WDH9A;i5-1135G7;8;SSD;512Gb;Intel Iris Xe Graphics;14;No OS;98900
Huawei;MateBook B3-420 NDZ-WDH9A;i5-1135G7;8;SSD;512Gb;Intel Iris Xe Graphics;14;Win10Pro;109700
Huawei;MateBook B3-420 NDZ-WFE9A;i7-1165G7;16;SSD;512Gb;Intel Iris Xe Graphics;14;Win10Pro;142300
Huawei;MateBook B3-520 BDZ-WDH9A;i5-1135G7;16;SSD;512Gb;Intel Iris Xe Graphics;15,6;Win10Pro;125400
Huawei;MateBook B3-520 BDZ-WDH9A;i5-1135G7;8;SSD;512Gb;Intel Iris Xe Graphics;15,6;No OS;94300
Huawei;MateBook B3-520 BDZ-WDH9A;i5-1135G7;8;SSD;512Gb;Intel Iris Xe Graphics;15,6;Win10Pro;109700
Huawei;MateBook B3-520 BDZ-WDI9A;i3-1115G4;8;SSD;256Gb;Intel UHD Graphics;15,6;Win10Pro;74500
Huawei;MateBook B3-520 BDZ-WFE9A;i7-1165G7;16;SSD;512Gb;Intel Iris Xe Graphics;15,6;Win10Pro;140000
Huawei;MateBook D 14 NbD-WDI9;i3-1115G4;8;SSD;256Gb;Intel Iris Xe Graphics;14;Win11;39990
Huawei;MateBook D 14 NbDE-WDH9;i5-1155G7;8;SSD;512Gb;Intel Iris Xe Graphics;14;Win11;49990
Huawei;MateBook D 15 BoD-WFH9;i5-1135G7;16;SSD;512Gb;Intel Iris Xe Graphics;15;Win11;57990
Huawei;MateBook D 16 RLEF-X;i5-12450H;16;SSD;512Gb;Intel Iris Xe Graphics;16;Win11;69990
Huawei;MateBook D 16 RLEF-X;i7-12700H;16;SSD;512Gb;Intel Iris Xe Graphics;16;Win11;79900
Infinix;INBOOK X2 GEN11 XL23;i3-1115G4;8;SSD;256Gb;Intel UHD Graphics;14;Win11;34990
Infinix;INBOOK X2 GEN11 XL23;i5-1155G7;8;SSD;512Gb;Intel Iris Xe Graphics;14;Win11;42990
Infinix;INBOOK X2 GEN11 XL23;i5-1155G7;8;SSD;512Gb;Intel Iris Xe Graphics;14;Win11;42990
Infinix;INBOOK X2 PLUS XL25;i3-1115G4;8;SSD;256Gb;Intel UHD Graphics;15,6;Win11;34990
Infinix;INBOOK X2 PLUS XL25;i5-1155G7;8;SSD;512Gb;Intel Iris Xe Graphics;15,6;Win11;42990
Lenovo;IdeaPad 1 15ADA7;Ryzen 3 3250U;8;SSD;256Gb;AMD Radeon Graphics;15;No OS;44000
Lenovo;IdeaPad 1 15ALC7;Ryzen 3 5300U;4;SSD;256Gb;AMD Radeon Graphics;15;No OS;44000
Lenovo;IdeaPad 3 14ALC6;Ryzen 3 5300U;8;SSD;512Gb;AMD Radeon Graphics;14;No OS;46900
Lenovo;IdeaPad 3 14ITL6 PDC;7505;8;SSD;256Gb;Intel UHD Graphics;14;No OS;34900
Lenovo;IdeaPad 3 15ABA7;Ryzen 3 5425U;8;SSD;256Gb;AMD Radeon Graphics;15;No OS;49900
Lenovo;IdeaPad 3 15ABA7;Ryzen 3 5425U;8;SSD;256Gb;AMD Radeon Graphics;15;No OS;47900
Lenovo;IdeaPad 3 15ABA7;Ryzen 3 5425U;8;SSD;256Gb;AMD Radeon Graphics;15;Win11;54900
Lenovo;IdeaPad 3 15ABA7;Ryzen 3 5425U;8;SSD;512Gb;AMD Radeon Graphics;15;No OS;49900
Lenovo;IdeaPad 3 15ABA7;Ryzen 5 5625U;16;SSD;256Gb;AMD Radeon Graphics;15;No OS;58900
Lenovo;IdeaPad 3 15ABA7;Ryzen 5 5625U;8;SSD;256Gb;AMD Radeon Graphics;15;No OS;53900
Lenovo;IdeaPad 3 15ABA7;Ryzen 5 5625U;8;SSD;512Gb;AMD Radeon Graphics;15;Win11;64900
Lenovo;IdeaPad 3 15ABA7;Ryzen 7 5825U;8;SSD;256Gb;AMD Radeon Graphics;15;No OS;62900
Lenovo;IdeaPad 3 15ALC6;Ryzen 3 5300U;8;SSD;256Gb;AMD Radeon Graphics;15;No OS;37900
Lenovo;IdeaPad 3 15ALC6;Ryzen 3 5300U;8;SSD;512Gb;AMD Radeon Graphics;15;No OS;41900
Lenovo;IdeaPad 3 15ALC6;Ryzen 5 5500U;8;SSD;256Gb;AMD Radeon Graphics;15;No OS;42900
Lenovo;IdeaPad 3 15IAU7;i3-1215U;8;SSD;256Gb;Intel UHD Graphics;15;No OS;49900
Lenovo;IdeaPad 3 15IAU7;i3-1215U;8;SSD;256Gb;Intel UHD Graphics;15;Win11;55900
Lenovo;IdeaPad 3 15IAU7;i3-1215U;8;SSD;512Gb;Intel UHD Graphics;15;No OS;55900
Lenovo;IdeaPad 3 15IAU7;i3-1215U;8;SSD;512Gb;Intel UHD Graphics;15;No OS;54500
Lenovo;IdeaPad 3 15IAU7;i3-1215U;8;SSD;512Gb;Intel UHD Graphics;15;No OS;52900
Lenovo;IdeaPad 3 15IAU7;i3-1215U;8;SSD;512Gb;Intel UHD Graphics;15;Win11;58900
Lenovo;IdeaPad 3 15IAU7;i5-1235U;16;SSD;256Gb;Intel Iris Xe Graphics;15;No OS;66900
Lenovo;IdeaPad 3 15IAU7;i5-1235U;16;SSD;512Gb;Intel Iris Xe Graphics;15;No OS;69900
Lenovo;IdeaPad 3 15IAU7;i5-1235U;8;SSD;512Gb;Intel Iris Xe Graphics;15;No OS;65900
Lenovo;IdeaPad 3 15IAU7;i5-1235U;8;SSD;512Gb;Intel Iris Xe Graphics;15;No OS;65900
Lenovo;IdeaPad 3 15IAU7;i5-1235U;8;SSD;512Gb;Intel Iris Xe Graphics;15;Win11;74900
Lenovo;IdeaPad 3 15IAU7;i7-1255U;16;SSD;512Gb;Intel Iris Xe Graphics;15;No OS;85900
Lenovo;IdeaPad 3 15IAU7;i7-1255U;8;SSD;512Gb;Intel Iris Xe Graphics;15;No OS;76900
Lenovo;IdeaPad 3 15IAU7;i7-1255U;8;SSD;512Gb;Intel Iris Xe Graphics;15;No OS;82900
Lenovo;IdeaPad 3 15IIL05;i5-1035G4;4;SSD;256Gb;Intel Iris Plus Graphics;15;No OS;39900
Lenovo;IdeaPad 3 15IIL05;i5-1035G4;8;SSD;256Gb;Intel Iris Plus Graphics;15;No OS;43900
Lenovo;IdeaPad 3 15ITL6;i3-1115G4;4;SSD;256Gb;Intel UHD Graphics;15;No OS;34900
Lenovo;IdeaPad 3 15ITL6;i3-1115G4;8;SSD;256Gb;Intel UHD Graphics;15;No OS;49900
Lenovo;IdeaPad 3 15ITL6;i3-1115G4;8;SSD;256Gb;Intel UHD Graphics;15;No OS;41900
Lenovo;IdeaPad 3 15ITL6;i3-1115G4;8;SSD;256Gb;Intel UHD Graphics;15;No OS;50900
Lenovo;IdeaPad 3 15ITL6;i3-1115G4;8;SSD;256Gb;Intel UHD Graphics;15;No OS;40900
Lenovo;IdeaPad 3 15ITL6;i3-1115G4;8;SSD;512Gb;Intel UHD Graphics;15;No OS;49900
Lenovo;IdeaPad 3 15ITL6;i3-1115G4;8;SSD;512Gb;Intel UHD Graphics;15;No OS;50600
Lenovo;IdeaPad 3 15ITL6;i5-1135G7;8;SSD;256Gb;Intel Iris Xe Graphics;15;No OS;61900
Lenovo;IdeaPad 3 15ITL6;i5-1135G7;8;SSD;256Gb;Intel Iris Xe Graphics;15;No OS;55600
Lenovo;IdeaPad 3 15ITL6;i5-1135G7;8;SSD;256Gb;Intel Iris Xe Graphics;15;No OS;59400
Lenovo;IdeaPad 3 15ITL6;i5-1135G7;8;SSD;256Gb;NVIDIA MX350 2Gb 15,6 FHD;15;No OS;49900
Lenovo;IdeaPad 3 15ITL6;i5-1135G7;8;SSD;512Gb;Intel Iris Xe Graphics;15;No OS;54900
Lenovo;IdeaPad 3 15ITL6;i5-1135G7;8;SSD;512Gb;NVIDIA MX350 2Gb 15,6 FHD;15;No OS;75900
Lenovo;IdeaPad 3 15ITL6;i7-1165G7;8;SSD;256Gb;Intel Iris Xe Graphics;15;No OS;70100
Lenovo;IdeaPad 3 15ITL6;i7-1165G7;8;SSD;512Gb;Intel Iris Xe Graphics;15;No OS;75900
Lenovo;IdeaPad 3 17ABA7;Ryzen 3 5425U;8;SSD;512Gb;AMD Radeon Graphics;17;No OS;61900
Lenovo;IdeaPad 3 17ABA7;Ryzen 5 5625U;16;SSD;512Gb;AMD Radeon Graphics;17;No OS;71900
Lenovo;IdeaPad 3 17ABA7;Ryzen 5 5625U;8;SSD;512Gb;AMD Radeon Graphics;17;No OS;67900
Lenovo;IdeaPad 3 17ABA7;Ryzen 5 5625U;8;SSD;512Gb;AMD Radeon Graphics;17;Win11;75900
Lenovo;IdeaPad 3 17ADA05 Athlon;3150U;4;SSD;128Gb;AMD Radeon Graphics;17;Win10;43900
Lenovo;IdeaPad 3 17ADA05 Athlon;3150U;8;SSD;128Gb;AMD Radeon Graphics;17;Win10;44900
Lenovo;IdeaPad 3 17IAU7;i5-1235U;8;SSD;512Gb;Intel Iris Xe Graphics;17;No OS;77900
Lenovo;IdeaPad 3 17IAU7;i5-1235U;8;SSD;512Gb;Intel Iris Xe Graphics;17;Win11;85900
Lenovo;IdeaPad 3 17IAU7;i7-1255U;16;SSD;512Gb;Intel Iris Xe Graphics;17;No OS;98900
Lenovo;IdeaPad 3 17ITL6;i3-1115G4;8;SSD;256Gb;Intel UHD Graphics;17;Win11;44900
Lenovo;IdeaPad 3 17ITL6 PDC;7505;4;SSD;128Gb;Intel UHD Graphics;17;Win10;45900
Lenovo;IdeaPad 3 17ITL6 PDC;7505;8;SSD;128Gb;Intel UHD Graphics;17;Win10;46900
Lenovo;IdeaPad 3 17ITL6 PDC;7505;8;SSD;256Gb;Intel UHD Graphics;17;No OS;46900
Lenovo;IdeaPad 5 15IAL7;i5-1235U;8;SSD;512Gb;Intel Iris Xe Graphics;15;No OS;85900
Lenovo;IdeaPad 5 15IAL7;i5-1235U;8;SSD;512Gb;Intel Iris Xe Graphics;15;Win11;93900
Lenovo;IdeaPad 5 15IAL7;i7-1255U;16;SSD;512Gb;Intel Iris Xe Graphics;15;No OS;104900
Lenovo;IdeaPad 5 15IAL7;i7-1255U;16;SSD;512Gb;Intel Iris Xe Graphics;15;Win11;118900
Lenovo;IdeaPad 5 Pro 14ARH7;Ryzen 5 6600HS;16;SSD;512Gb;AMD Radeon 660M Graphics;14;No OS;82900
Lenovo;IdeaPad 5 Pro 14ARH7;Ryzen 7 6800HS;16;SSD;1Tb;AMD Radeon 680M Graphics;14;No OS;103900
Lenovo;IdeaPad 5 Pro 14IAP7;i5-1240P;16;SSD;512Gb;Intel Iris Xe Graphics;14;No OS;101900
Lenovo;IdeaPad 5 Pro 14IAP7;i7-1260P;16;SSD;512Gb;Intel Iris Xe Graphics;14;Win11;131900
Lenovo;IdeaPad 5 Pro 14ITL6;i5-1135G7;16;SSD;512Gb;NVIDIA MX450 2Gb 14 2.2K;14;No OS;82900
Lenovo;IdeaPad 5 Pro 14ITL6;i7-1165G7;8;SSD;512Gb;Intel Iris Xe Graphics;14;Win11;108900
Lenovo;IdeaPad 5 Pro 16ACH6;Ryzen 5 5600H;8;SSD;512Gb;AMD Radeon Graphics;16;Win11;92900
Lenovo;IdeaPad 5 Pro 16ACH6;Ryzen 9 5900HX;32;SSD;1Tb;NVIDIA RTX 3050 for Laptop;16;No OS;149900
Lenovo;IdeaPad 5 Pro 16ARH7;Ryzen 5 6600HS;16;SSD;1Tb;NVIDIA RTX 3050 for Laptop;16;Win11;136900
Lenovo;IdeaPad 5 Pro 16ARH7;Ryzen 5 6600HS;16;SSD;512Gb;AMD Radeon 660M Graphics;16;No OS;97900
Lenovo;IdeaPad 5 Pro 16ARH7;Ryzen 5 6600HS;16;SSD;512Gb;NVIDIA RTX 3050 for Laptop;16;No OS;122900
Lenovo;IdeaPad 5 Pro 16ARH7;Ryzen 7 6800HS;16;SSD;512Gb;AMD Radeon 680M Graphics;16;No OS;99900
Lenovo;IdeaPad 5 Pro 16ARH7;Ryzen 7 6800HS;16;SSD;512Gb;NVIDIA RTX 3050 for Laptop;16;Win11;137900
Lenovo;IdeaPad 5 Pro 16IAH7;i5-12500H;16;SSD;1Tb;Intel Arc A370M Graphics 4Gb;16;No OS;119900
Lenovo;IdeaPad 5 Pro 16IAH7;i5-12500H;16;SSD;512Gb;Intel Arc A370M Graphics 4Gb;16;No OS;121900
Lenovo;IdeaPad 5 Pro 16IAH7;i5-12500H;16;SSD;512Gb;Intel Arc A370M Graphics 4Gb;16;Win11;135900
Lenovo;IdeaPad 5 Pro 16IAH7;i5-12500H;16;SSD;512Gb;Intel Iris Xe Graphics;16;No OS;105900
Lenovo;IdeaPad 5 Pro 16IAH7;i7-12700H;16;SSD;1Tb;Intel Arc A370M Graphics 4Gb;16;No OS;137900
Lenovo;IdeaPad 5 Pro 16IAH7;i7-12700H;16;SSD;1Tb;Intel Arc A370M Graphics 4Gb;16;Win11;154900
Lenovo;IdeaPad 5 Pro 16IAH7;i7-12700H;16;SSD;1Tb;Intel Iris Xe Graphics;16;No OS;122900
Lenovo;IdeaPad 5 Pro 16IHU6;i5-11300H;16;SSD;512Gb;NVIDIA MX450 2Gb 16 WQXGA;16;No OS;89900
Lenovo;IdeaPad 5 Pro 16IHU6;i5-11300H;8;SSD;512Gb;NVIDIA MX450 2Gb 16 WQXGA;16;Win11;104900
Lenovo;IdeaPad Flex 5 14ALC7;Ryzen 5 5500U;16;SSD;512Gb;AMD Radeon Graphics;14;Win11;92900
Lenovo;IdeaPad Flex 5 14IAU7;i5-1235U;16;SSD;512Gb;Intel Iris Xe Graphics;14;Win11;107900
Lenovo;IdeaPad Flex 5 14IAU7;i7-1255U;16;SSD;512Gb;Intel Iris Xe Graphics;14;Win11;124900
Lenovo;IdeaPad Gaming 3 15ACH6;Ryzen 5 5600H;16;SSD;512Gb;NVIDIA RTX 3050 for Laptop;15;Win11(ENG);89900
Lenovo;IdeaPad Gaming 3 15ACH6;Ryzen 5 5600H;8;SSD;512Gb;NVIDIA RTX 3050Ti for Laptop;15;No OS;86700
Lenovo;IdeaPad Gaming 3 15ARH7;Ryzen 5 6600H;16;SSD;512Gb;NVIDIA RTX 3050 for Laptop;15;No OS;106900
Lenovo;IdeaPad Gaming 3 15ARH7;Ryzen 5 6600H;16;SSD;512Gb;NVIDIA RTX 3050 for Laptop;15;Win11;116900
Lenovo;IdeaPad Gaming 3 15ARH7;Ryzen 5 6600H;16;SSD;512Gb;NVIDIA RTX 3050Ti for Laptop;15;No OS;109900
Lenovo;IdeaPad Gaming 3 15ARH7;Ryzen 5 6600H;16;SSD;512Gb;NVIDIA RTX 3050Ti for Laptop;15;Win11;122900
Lenovo;IdeaPad Gaming 3 15ARH7;Ryzen 7 6800H;16;SSD;512Gb;NVIDIA RTX 3050Ti for Laptop;15;No OS;114900
Lenovo;IdeaPad Gaming 3 15ARH7;Ryzen 7 6800H;16;SSD;512Gb;NVIDIA RTX 3050Ti for Laptop;15;Win11;129900
Lenovo;IdeaPad Gaming 3 15IAH7;i5-12500H;16;SSD;512Gb;NVIDIA RTX 3050 for Laptop;15;No OS;105900
Lenovo;IdeaPad Gaming 3 15IAH7;i5-12500H;16;SSD;512Gb;NVIDIA RTX 3050 for Laptop;15;Win11;117900
Lenovo;IdeaPad Gaming 3 15IAH7;i5-12500H;16;SSD;512Gb;NVIDIA RTX 3050Ti for Laptop;15;No OS;109900
Lenovo;IdeaPad Gaming 3 15IAH7;i5-12500H;16;SSD;512Gb;NVIDIA RTX 3050Ti for Laptop;15;Win11;121900
Lenovo;IdeaPad Gaming 3 15IAH7;i5-12500H;16;SSD;512Gb;NVIDIA RTX 3060 for Laptop;15;No OS;129900
Lenovo;IdeaPad Gaming 3 15IAH7;i5-12500H;16;SSD;512Gb;NVIDIA RTX 3060 for Laptop;15;Win11;141900
Lenovo;IdeaPad Gaming 3 15IAH7;i5-12500H;8;SSD;512Gb;NVIDIA RTX 3060 for Laptop;15;Win11;149900
Lenovo;IdeaPad Gaming 3 15IAH7;i7-12650H;16;SSD;512Gb;NVIDIA RTX 3050Ti for Laptop;15;No OS;117900
Lenovo;IdeaPad Gaming 3 15IAH7;i7-12650H;16;SSD;512Gb;NVIDIA RTX 3050Ti for Laptop;15;Win11;127900
Lenovo;IdeaPad Gaming 3 15IAH7;i7-12650H;16;SSD;512Gb;NVIDIA RTX 3060 for Laptop;15;No OS;138900
Lenovo;IdeaPad Gaming 3 15IHU6;i5-11300H;16;SSD;512Gb;NVIDIA RTX 3050 for Laptop;15;Win11(ENG);112100
Lenovo;IdeaPad Gaming 3 15IHU6;i5-11300H;8;SSD;512Gb;NVIDIA RTX 3050 for Laptop;15;Win11(ENG);89900
Lenovo;IdeaPad Gaming 3 15IHU6;i5-11300H;8;SSD;512Gb;NVIDIA RTX 3050 for Laptop;15;No OS;81200
Lenovo;IdeaPad Gaming 3 15IHU6;i5-11300H;8;SSD;512Gb;NVIDIA RTX 3050Ti for Laptop;15;No OS;76900
Lenovo;IdeaPad Gaming 3 15IHU6;i7-11370H;16;SSD;512Gb;NVIDIA RTX 3050 for Laptop;15;No OS;114900
Lenovo;IdeaPad Gaming 3 15IMH05;i5-10300H;8;SSD;256Gb;NVIDIA GTX1650 4Gb 15,6 FHD;15;Free DOS;75600
Lenovo;IdeaPad Gaming 3 16ARH7;Ryzen 7 6800H;16;SSD;1Tb;NVIDIA RTX 3050Ti for Laptop;16;Win11;151900
Lenovo;IdeaPad Gaming 3 16IAH7;i5-12500H;16;SSD;1Tb;NVIDIA RTX 3050Ti for Laptop;16;No OS;118900
Lenovo;IdeaPad Gaming 3 16IAH7;i7-12650H;16;SSD;1Tb;NVIDIA RTX 3050Ti for Laptop;16;No OS;139900
Lenovo;IdeaPad Gaming 3 16IAH7;i7-12650H;16;SSD;1Tb;NVIDIA RTX 3050Ti for Laptop;16;No OS;123900
Lenovo;IdeaPad Gaming 3 16IAH7;i7-12700H;16;SSD;1Tb;NVIDIA RTX 3050Ti for Laptop;16;No OS;124900
Lenovo;IdeaPad Gaming 3 16IAH7;i7-12700H;16;SSD;1Tb;NVIDIA RTX 3060 for Laptop;16;No OS;153900
Lenovo;IdeaPad L3 15ITL6 CDC;6305;4;SSD;256Gb;Intel UHD Graphics;15;No OS;30900
Lenovo;IdeaPad L3 15ITL6 CDC;6305;8;SSD;256Gb;Intel UHD Graphics;15;No OS;32900
Lenovo;IdeaPad L3 15ITL6;i3-1115G4;8;SSD;256Gb;Intel UHD Graphics;15;No OS;39900
Lenovo;IdeaPad L3 15ITL6;i3-1115G4;8;SSD;256Gb;Intel UHD Graphics;15;No OS;46800
Lenovo;IdeaPad L3 15ITL6;i3-1115G4;8;SSD;512Gb;Intel UHD Graphics;15;No OS;42900
Lenovo;IdeaPad L3 15ITL6;i5-1135G7;8;SSD;512Gb;Intel Iris Xe Graphics;15;No OS;60000
Lenovo;IdeaPad L3 15ITL6 PDC;7505;4;SSD;256Gb;Intel UHD Graphics;15;No OS;32900
Lenovo;IdeaPad L3 15ITL6 PDC;7505;4;SSD;256Gb;Intel UHD Graphics;15;Win10;38900
Lenovo;Legion 5 15ACH6;Ryzen 5 5600H;8;SSD;512Gb;NVIDIA RTX 3050Ti for Laptop;15;Win11(ENG);72900
Lenovo;Legion 5 15ARH7H;Ryzen 5 6600H;16;SSD;1Tb;NVIDIA RTX 3060 for Laptop;15;No OS;144900
Lenovo;Legion 5 15ARH7H;Ryzen 5 6600H;16;SSD;1Tb;NVIDIA RTX 3060 for Laptop;15;No OS;143900
Lenovo;Legion 5 15ARH7H;Ryzen 7 6800H;16;SSD;1Tb;NVIDIA RTX 3060 for Laptop;15;No OS;150900
Lenovo;Legion 5 15ARH7H;Ryzen 7 6800H;16;SSD;1Tb;NVIDIA RTX 3070 for Laptop;15;No OS;173900
Lenovo;Legion 5 15ARH7H;Ryzen 7 6800H;16;SSD;1Tb;NVIDIA RTX 3070Ti for Laptop;15;No OS;186900
Lenovo;Legion 5 15ARH7H;Ryzen 7 6800H;32;SSD;1Tb;NVIDIA RTX 3070Ti for Laptop;15;Win11;228900
Lenovo;Legion 5 15IAH7;i5-12500H;16;SSD;512Gb;NVIDIA RTX 3050 for Laptop;15;Win11;143900
Lenovo;Legion 5 15IAH7;i5-12500H;16;SSD;512Gb;NVIDIA RTX 3050Ti for Laptop;15;No OS;128900
Lenovo;Legion 5 15IAH7;i7-12700H;16;SSD;512Gb;NVIDIA RTX 3050Ti for Laptop;15;No OS;137900
Lenovo;Legion 5 15IAH7;i7-12700H;16;SSD;512Gb;NVIDIA RTX 3050Ti for Laptop;15;Win11;159900
Lenovo;Legion 5 15IAH7H;i5-12500H;16;SSD;1Tb;NVIDIA RTX 3060 for Laptop;15;No OS;144900
Lenovo;Legion 5 15IAH7H;i5-12500H;32;SSD;1Tb;NVIDIA RTX 3060 for Laptop;15;No OS;169900
Lenovo;Legion 5 15IAH7H;i7-12700H;16;SSD;1Tb;NVIDIA RTX 3060 for Laptop;15;No OS;151900
Lenovo;Legion 5 15IAH7H;i7-12700H;16;SSD;1Tb;NVIDIA RTX 3070 for Laptop;15;No OS;172900
Lenovo;Legion 5 15IAH7H;i7-12700H;16;SSD;1Tb;NVIDIA RTX 3070Ti for Laptop;15;No OS;184900
Lenovo;Legion 5 15IAH7H;i7-12700H;16;SSD;1Tb;NVIDIA RTX 3070Ti for Laptop;15;No OS;211900
Lenovo;Legion 5 15IAH7H;i7-12700H;32;SSD;1Tb;NVIDIA RTX 3060 for Laptop;15;No OS;179900
Lenovo;Legion 5 15ITH6;i5-11400H;16;SSD;512Gb;NVIDIA RTX 3050Ti for Laptop;15;No OS;109200
Lenovo;Legion 5 17ACH6;Ryzen 5 5600H;8;SSD;512Gb;NVIDIA RTX 3050 for Laptop;17;No OS;103900
Lenovo;Legion 5 17ACH6;Ryzen 7 5800H;16;SSD;512Gb;NVIDIA RTX 3050 for Laptop;17;Win11(ENG);115200
Lenovo;Legion 5 Pro 16ACH6;Ryzen 7 5800H;16;SSD;512Gb;NVIDIA RTX 3050Ti for Laptop;16;No OS;128900
Lenovo;Legion 5 Pro 16ACH6H;Ryzen 7 5800H;16;SSD;1Tb;NVIDIA RTX 3070 for Laptop;16;Win11(ENG);184900
Lenovo;Legion 5 Pro 16ARH7H;Ryzen 5 6600H;16;SSD;1Tb;NVIDIA RTX 3060 for Laptop;16;No OS;162900
Lenovo;Legion 5 Pro 16ARH7H;Ryzen 5 6600H;32;SSD;1Tb;NVIDIA RTX 3060 for Laptop;16;Win11;186900
Lenovo;Legion 5 Pro 16ARH7H;Ryzen 7 6800H;16;SSD;1Tb;NVIDIA RTX 3060 for Laptop;16;No OS;166900
Lenovo;Legion 5 Pro 16ARH7H;Ryzen 7 6800H;16;SSD;1Tb;NVIDIA RTX 3070Ti for Laptop;16;No OS;209900
Lenovo;Legion 5 Pro 16ARH7H;Ryzen 7 6800H;32;SSD;1Tb;NVIDIA RTX 3060 for Laptop;16;Win11;193900
Lenovo;Legion 5 Pro 16ARH7H;Ryzen 7 6800H;32;SSD;1Tb;NVIDIA RTX 3070Ti for Laptop;16;Win11;233900
Lenovo;Legion 5 Pro 16ARH7H;Ryzen 9 6900HX;32;SSD;1Tb;NVIDIA RTX 3070Ti for Laptop;16;No OS;237900
Lenovo;Legion 5 Pro 16ARH7H;Ryzen 9 6900HX;32;SSD;2Tb;NVIDIA RTX 3070Ti for Laptop;16;Win11;269900
Lenovo;Legion 5 Pro 16IAH7H;i5-12500H;16;SSD;1Tb;NVIDIA RTX 3060 for Laptop;16;No OS;165900
Lenovo;Legion 5 Pro 16IAH7H;i5-12500H;16;SSD;1Tb;NVIDIA RTX 3060 for Laptop;16;No OS;165900
Lenovo;Legion 5 Pro 16IAH7H;i5-12500H;32;SSD;1Tb;NVIDIA RTX 3060 for Laptop;16;No OS;176900
Lenovo;Legion 5 Pro 16IAH7H;i7-12700H;16;SSD;1Tb;NVIDIA RTX 3060 for Laptop;16;No OS;175900
Lenovo;Legion 5 Pro 16IAH7H;i7-12700H;16;SSD;1Tb;NVIDIA RTX 3060 for Laptop;16;No OS;169900
Lenovo;Legion 5 Pro 16IAH7H;i7-12700H;16;SSD;1Tb;NVIDIA RTX 3070Ti for Laptop;16;No OS;214900
Lenovo;Legion 7 16IAX7;i9-12900HX;32;SSD;2Tb;NVIDIA RTX 3080Ti for Laptop;16;No OS;391900
Lenovo;Legion 7 16IAX7;i9-12900HX;32;SSD;2Tb;NVIDIA RTX 3080Ti for Laptop;16;Win11;404900
Lenovo;Legion Slim 7 15ACH6;Ryzen 5 5600H;16;SSD;1Tb;NVIDIA RTX 3060 for Laptop;15;No OS;123900
Lenovo;Legion Slim 7 15ACH6;Ryzen 7 5800H;32;SSD;1Tb;NVIDIA RTX 3060 for Laptop;15;No OS;151900
Lenovo;Legion Slim 7 15ACH6;Ryzen 7 5800H;32;SSD;1Tb;NVIDIA RTX 3060 for Laptop;15;No OS;173900
Lenovo;Legion Slim 7 16IAH7;i5-12500H;16;SSD;512Gb;NVIDIA RTX 3050Ti for Laptop;16;No OS;149900
Lenovo;Legion Slim 7 16IAH7;i7-12700H;16;SSD;1Tb;NVIDIA RTX 3070 for Laptop;16;No OS;198900
Lenovo;Legion Slim 7 16IAH7;i7-12700H;24;SSD;1Tb;NVIDIA RTX 3060 for Laptop;16;No OS;179900
Lenovo;Legion Slim 7 16IAH7;i7-12700H;24;SSD;1Tb;NVIDIA RTX 3070 for Laptop;16;No OS;206900
Lenovo;ThinkBook 13s G2;i5-1135G7;16;SSD;512Gb;Intel Iris Xe Graphics;15,6;Win11Pro;99900
Lenovo;ThinkBook 13s G4 IAP;i5-1240P;16;SSD;512Gb;Intel Iris Xe Graphics;15,6;No OS;133500
Lenovo;ThinkBook 14 G2;i3-1115G4;8;SSD;256Gb;Intel UHD Graphics;14;No OS;61900
Lenovo;ThinkBook 14 G2;i3-1115G4;8;SSD;256Gb;Intel UHD Graphics;14;Win11Pro;79900
Lenovo;ThinkBook 14 G2;i5-1135G7;8;SSD;256Gb;Intel Iris Xe Graphics;14;No OS;88300
Lenovo;ThinkBook 14 G2;i5-1135G7;8;SSD;256Gb;Intel Iris Xe Graphics;14;Win11Pro;91900
Lenovo;ThinkBook 14 G2;i5-1135G7;8;SSD;512Gb;Intel Iris Xe Graphics;14;Win11Pro;94900
Lenovo;ThinkBook 14 G3;Ryzen 5 5500U;16;SSD;512Gb;AMD Radeon Graphics;14;No OS;72900
Lenovo;ThinkBook 14 G3;Ryzen 5 5500U;8;SSD;512Gb;AMD Radeon Graphics;14;No OS;69900
Lenovo;ThinkBook 14 G3;Ryzen 7 5700U;16;SSD;512Gb;AMD Radeon Graphics;14;No OS;80900
Lenovo;ThinkBook 14 G4 IAP;i5-1235U;16;SSD;1Tb;Intel Iris Xe Graphics;14;No OS;96900
Lenovo;ThinkBook 14 G4 IAP;i5-1235U;16;SSD;512Gb;Intel Iris Xe Graphics;14;No OS;107800
Lenovo;ThinkBook 14 G4 IAP;i5-1235U;16;SSD;512Gb;Intel Iris Xe Graphics;14;No OS;88900
Lenovo;ThinkBook 14 G4 IAP;i5-1235U;16;SSD;512Gb;Intel Iris Xe Graphics;14;Win11Pro;108900
Lenovo;ThinkBook 14 G4 IAP;i5-1235U;8;SSD;512Gb;Intel Iris Xe Graphics;14;No OS;82900
Lenovo;ThinkBook 14 G4 IAP;i7-1255U;16;SSD;512Gb;Intel Iris Xe Graphics;14;No OS;137800
Lenovo;ThinkBook 14 G4;Ryzen 5 5625U;16;SSD;512Gb;AMD Radeon Graphics;14;Win11Pro;102900
Lenovo;ThinkBook 14 G4;Ryzen 5 5625U;16;SSD;512Gb;AMD Radeon Graphics;14;Win11Pro;92900
Lenovo;ThinkBook 14 G4;Ryzen 5 5625U;8;SSD;512Gb;AMD Radeon Graphics;14;Win11Pro;91900
Lenovo;ThinkBook 14 G4+;i5-1240P;16;SSD;512Gb;Intel Iris Xe Graphics;14;No OS;109900
Lenovo;ThinkBook 14 G4+;i5-1240P;16;SSD;512Gb;Intel Iris Xe Graphics;14;Win11Pro;125900
Lenovo;ThinkBook 14 G4+;i7-1260P;16;SSD;1Tb;Intel Iris Xe Graphics;14;No OS;133900
Lenovo;ThinkBook 14 G4+;i7-1260P;16;SSD;512Gb;Intel Iris Xe Graphics;14;No OS;125900
Lenovo;ThinkBook 14s Yoga G2;IAP i5-1235U;8;SSD;512Gb;Intel Iris Xe Graphics;14;No OS;120900
Lenovo;ThinkBook 14s Yoga;i5-1135G7;8;SSD;256Gb;Intel Iris Xe Graphics;14;Win11Pro;102900
Lenovo;ThinkBook 14s Yoga;i5-1135G7;8;SSD;512Gb;Intel Iris Xe Graphics;14;No OS;88900
Lenovo;ThinkBook 15 G2;i3-1115G4;8;SSD;256Gb;Intel UHD Graphics;15;Win10(ENG);54700
Lenovo;ThinkBook 15 G2;i3-1115G4;8;SSD;256Gb;Intel UHD Graphics;15;No OS;69300
Lenovo;ThinkBook 15 G2;i3-1115G4;8;SSD;256Gb;NVIDIA MX450 2Gb 15,6 FHD;15;No OS;70100
Lenovo;ThinkBook 15 G2;i5-1135G7;8;SSD;256Gb;Intel Iris Xe Graphics;15;Win11Pro;78900
Lenovo;ThinkBook 15 G2;i7-1165G7;16;SSD;512Gb;Intel Iris Xe Graphics;15;No OS;92900
Lenovo;ThinkBook 15 G3;Ryzen 3 5300U;8;SSD;256Gb;AMD Radeon Graphics;15;No OS;53900
Lenovo;ThinkBook 15 G3;Ryzen 3 5300U;8;SSD;256Gb;AMD Radeon Graphics;15;Win10Pro(ENG);72500
Lenovo;ThinkBook 15 G3;Ryzen 5 5500U;8;SSD;256Gb;AMD Radeon Graphics;15;Win11Pro(ENG);88300
Lenovo;ThinkBook 15 G3;Ryzen 7 5700U;16;SSD;512Gb;AMD Radeon Graphics;15;No OS;87900
Lenovo;ThinkBook 15 G4 IAP;i5-1235U;16;SSD;1Tb;Intel Iris Xe Graphics;15;No OS;129500
Lenovo;ThinkBook 15 G4 IAP;i5-1235U;16;SSD;512Gb;Intel Iris Xe Graphics;15;No OS;108900
Lenovo;ThinkBook 15 G4 IAP;i5-1235U;8;SSD;256Gb;Intel Iris Xe Graphics;15;Win11Pro;95900
Lenovo;ThinkBook 15 G4 IAP;i5-1235U;8;SSD;512Gb;Intel Iris Xe Graphics;15;No OS;80900
Lenovo;ThinkBook 15 G4 IAP;i7-1255U;16;SSD;512Gb;Intel Iris Xe Graphics;15;No OS;136600
Lenovo;ThinkBook 15 G4;Ryzen 5 5625U;8;SSD;256Gb;AMD Radeon Graphics;15;Win11Pro;82900
Lenovo;ThinkBook 16 G4+;i7-1260P;16;SSD;1Tb;Intel Iris Xe Graphics;16;No OS;134900
Lenovo;ThinkBook 16p G2;Ryzen 7 5800H;16;SSD;512Gb;NVIDIA RTX 3060 for Laptop;16;Win11Pro;187900
Lenovo;ThinkBook 16p G2;Ryzen 9 5900HX;32;SSD;1Tb;NVIDIA RTX 3060 for Laptop;16;Win11Pro(ENG);215000
Lenovo;ThinkPad E14 Gen 4;i5-1235U;16;SSD;512Gb;Intel Iris Xe Graphics;14;No OS;99900
Lenovo;ThinkPad E14 Gen 4;i7-1255U;8;SSD;512Gb;Intel Iris Xe Graphics;14;No OS;112900
Lenovo;ThinkPad E14 Gen 4;Ryzen 7 5825U;40;SSD;1Tb;AMD Radeon Graphics;14;No OS;127900
Lenovo;ThinkPad E14 Gen 4;Ryzen 7 5825U;8;SSD;512Gb;AMD Radeon Graphics;14;No OS;98000
Lenovo;ThinkPad E15 Gen 2;i5-1135G7;16;SSD;512Gb;NVIDIA MX450 2Gb 15,6 FHD;15;Win10Pro(ENG);120500
Lenovo;ThinkPad E15 Gen 2;i5-1135G7;8;SSD;256Gb;Intel Iris Xe Graphics;15;Win10Pro(ENG);84300
Lenovo;ThinkPad E15 Gen 2;i5-1135G7;8;SSD;256Gb;Intel Iris Xe Graphics;15;Win11Pro(ENG);99400
Lenovo;ThinkPad E15 Gen 2;i5-1135G7;8;SSD;512Gb;NVIDIA MX350 2Gb 15,6 FHD;15;No OS;97000
Lenovo;ThinkPad E15 Gen 3;Ryzen 7 5700U;16;SSD;512Gb;AMD Radeon Graphics;15;Win10Pro(ENG);108900
Lenovo;ThinkPad E15 Gen 4;Ryzen 5 5625U;8;SSD;256Gb;AMD Radeon Graphics;15;No OS;79900
Lenovo;ThinkPad E15 Gen 4;Ryzen 7 5825U;16;SSD;1Tb;AMD Radeon Graphics;15;Win11Pro;129900
Lenovo;ThinkPad L13 Gen 2;Ryzen 5 Pro 5650U;8;SSD;256Gb;AMD Radeon Graphics;15,6;No OS;83900
Lenovo;ThinkPad T14 Gen 2;i5-1135G7;16;SSD;512Gb;Intel Iris Xe Graphics;14;Win10Pro(ENG);152900
Lenovo;ThinkPad T14 Gen 2;i5-1135G7;8;SSD;256Gb;Intel Iris Xe Graphics;14;Win10Pro(ENG);92900
Lenovo;ThinkPad T14 Gen 3;i5-1235U;16;SSD;256Gb;Intel Iris Xe Graphics;14;Win10Pro(ENG);98900
Lenovo;ThinkPad T14 Gen 3;i5-1235U;16;SSD;512Gb;Intel Iris Xe Graphics;14;Win10Pro(ENG);102900
Lenovo;ThinkPad T14 Gen 3;i5-1235U;8;SSD;256Gb;Intel Iris Xe Graphics;14;Win10Pro;134900
Lenovo;ThinkPad T14 Gen 3;i5-1245U;16;SSD;512Gb;Intel Iris Xe Graphics;14;Win10Pro(ENG);116900
Lenovo;ThinkPad T14 Gen 3;Ryzen 5 Pro 6650U;8;SSD;256Gb;AMD Radeon 660M Graphics;14;Win10Pro;143900
Lenovo;ThinkPad T14 Gen 3;Ryzen 7 Pro 6850U;16;SSD;512Gb;AMD Radeon 680M Graphics;14;Win10Pro;179900
Lenovo;ThinkPad T14s Gen 3;i5-1240P;16;SSD;512Gb;Intel Iris Xe Graphics;14;No OS;155900
Lenovo;ThinkPad T14s Gen 3;i7-1260P;16;SSD;512Gb;Intel Iris Xe Graphics;14;No OS;177900
Lenovo;ThinkPad T16 Gen 1;i5-1240P;16;SSD;512Gb;Intel Iris Xe Graphics;16;Win11Pro;178900
Lenovo;ThinkPad T16 Gen 1;i7-1260P;16;SSD;512Gb;Intel Iris Xe Graphics;16;Win10Pro;198900
Lenovo;ThinkPad T16 Gen 1;i7-1260P;16;SSD;512Gb;Intel Iris Xe Graphics;16;No OS;194900
Lenovo;ThinkPad X1 Carbon Gen;10 i5-1235U;16;SSD;256Gb;Intel Iris Xe Graphics;14;Win11Pro;210900
Lenovo;ThinkPad X1 Carbon Gen;10 i5-1235U;16;SSD;512Gb;Intel Iris Xe Graphics;14;No OS;183900
Lenovo;ThinkPad X1 Carbon Gen;10 i5-1235U;16;SSD;512Gb;Intel Iris Xe Graphics;14;Win11Pro(ENG);199900
Lenovo;ThinkPad X1 Carbon Gen;10 i5-1240P;16;SSD;512Gb;Iris Xe Graphics;14;Win11Pro;249900
Lenovo;ThinkPad X1 Carbon Gen;10 i5-1240P;16;SSD;512Gb;Iris Xe Graphics;14;Win11Pro;222900
Lenovo;ThinkPad X1 Carbon Gen;10 i7-1255U;16;SSD;512Gb;Intel Iris Xe Graphics;14;Win11Pro;238900
Lenovo;ThinkPad X1 Carbon Gen;10 i7-1255U;16;SSD;512Gb;Intel Iris Xe Graphics;14;Win11Pro;249900
Lenovo;ThinkPad X1 Carbon Gen;10 i7-1260P;16;SSD;512Gb;Intel Iris Xe Graphics;14;No OS;261800
Lenovo;ThinkPad X1 Carbon Gen;10 i7-1260P;16;SSD;512Gb;Intel Iris Xe Graphics;14;Win11Pro;244900
Lenovo;ThinkPad X1 Carbon Gen;10 i7-1260P;16;SSD;512Gb;Intel Iris Xe Graphics;14;No OS;224900
Lenovo;ThinkPad X1 Carbon Gen;10 i7-1260P;16;SSD;512Gb;Intel Iris Xe Graphics;14;Win11(ENG);217400
Lenovo;ThinkPad X1 Carbon Gen;10 i7-1260P;16;SSD;512Gb;Intel Iris Xe Graphics;14;Win11Pro;294900
Lenovo;ThinkPad X1 Carbon Gen;10 i7-1260P;32;SSD;1Tb;Intel Iris Xe Graphics;14;Win11Pro;272900
Lenovo;ThinkPad X1 Carbon Gen;10 i7-1265U;16;SSD;1Tb;Intel Iris Xe Graphics;14;Win11Pro(ENG);238900
Lenovo;ThinkPad X1 Carbon Gen;10 i7-1265U;16;SSD;512Gb;Intel Iris Xe Graphics;14;No OS;208900
Lenovo;ThinkPad X1 Carbon Gen;10 i7-1265U;16;SSD;512Gb;Intel Iris Xe Graphics;14;;224900
Lenovo;ThinkPad X1 Carbon Gen;10 i7-1265U;16;SSD;512Gb;Intel Iris Xe Graphics;14;Win11Pro(ENG);229900
Lenovo;ThinkPad X1 Nano Gen;2 i7-1260P;16;SSD;1Tb;Intel Iris Xe Graphics;13;Win11Pro(ENG);149900
Lenovo;ThinkPad X1 Yoga Gen;6 i5-1135G7;8;SSD;256Gb;Intel Iris Xe Graphics;14;Win10Pro(ENG);128700
Lenovo;ThinkPad X1 Yoga Gen;7 i5-1240P;16;SSD;512Gb;Iris Xe Graphics;14;Win11Pro;243900
Lenovo;V14;Ryzen 3 3250U;4;SSD;256Gb;AMD Radeon Graphics;14;Win10;34200
Lenovo;V15 G2 ALC;Ryzen 3 5300U;4;SSD;256Gb;AMD Radeon Graphics;15;No OS;36900
Lenovo;V15 G2 ALC;Ryzen 3 5300U;8;SSD;256Gb;AMD Radeon Graphics;15;No OS;37900
Lenovo;V15 G2 ALC;Ryzen 5 5500U;12;SSD;512Gb;AMD Radeon Graphics;15;No OS;45900
Lenovo;V15 G2 ALC;Ryzen 7 5700U;8;SSD;512Gb;AMD Radeon Graphics;15;No OS;51900
Lenovo;V15 G2 ITL;i3-1115G4;8;SSD;256Gb;Intel UHD Graphics;15;No OS;37900
Lenovo;V15 G2 ITL;i5-1135G7;12;SSD;512Gb;Intel Iris Xe Graphics;15;No OS;57900
Lenovo;V15 G2 ITL;i5-1135G7;8;SSD;256Gb;Intel Iris Xe Graphics;15;No OS;47900
Lenovo;V15 G2 ITL;i5-1135G7;8;SSD;256Gb;Intel Iris Xe Graphics;15;Win10Pro(ENG);81200
Lenovo;V15 G2 ITL;i5-1135G7;8;SSD;256Gb;Intel Iris Xe Graphics;15;Win11(ENG);43900
Lenovo;V15 G2 ITL;i5-1135G7;8;SSD;256Gb;Intel Iris Xe Graphics;15;Win11Pro(ENG);84300
Lenovo;V15 G2 ITL;i5-1135G7;8;SSD;256Gb;NVIDIA MX350 2Gb 15,6 FHD;15;No OS;45900
Lenovo;V15 G2 ITL;i5-1135G7;8;SSD;512Gb;Intel Iris Xe Graphics;15;Win11Pro(ENG);87500
Lenovo;V15 G2 ITL;i7-1165G7;8;SSD;512Gb;Intel Iris Xe Graphics;15;No OS;60900
Lenovo;V15 G3 IAP;i3-1215U;8;SSD;256Gb;Intel UHD Graphics;15;No OS;55800
Lenovo;V15 G3 IAP;i3-1215U;8;SSD;256Gb;Intel UHD Graphics;15;No OS;48900
Lenovo;V15 G3 IAP;i5-1235U;8;SSD;256Gb;Intel Iris Xe Graphics;15;No OS;72100
Lenovo;V15 G3 IAP;i5-1235U;8;SSD;512Gb;Intel Iris Xe Graphics;15;No OS;59900
Lenovo;V15;i3-10110U;8;SSD;256Gb;Intel UHD Graphics;15;No OS;35900
Lenovo;V15;i3-10110U;8;SSD;512Gb;Intel UHD Graphics;15;No OS;36900
Lenovo;Yoga 6 13ALC7;Ryzen 5 5500U;16;SSD;512Gb;AMD Radeon Graphics;15,6;Win11;107900
Lenovo;Yoga 6 13ALC7;Ryzen 5 5500U;8;SSD;256Gb;AMD Radeon Graphics;15,6;No OS;89900
Lenovo;Yoga 6 13ALC7;Ryzen 5 5500U;8;SSD;512Gb;AMD Radeon Graphics;15,6;Win11;97900
Lenovo;Yoga 6 13ALC7;Ryzen 7 5700U;16;SSD;1Tb;AMD Radeon Graphics;15,6;Win11;124900
Lenovo;Yoga 6 13ALC7;Ryzen 7 5700U;16;SSD;512Gb;AMD Radeon Graphics;15,6;Win11;118900
Lenovo;Yoga 7 14IAL7;i7-1260P;16;SSD;1Tb;Intel Iris Xe Graphics;14;Win11;167900
Lenovo;Yoga 7 16IAP7;i5-1240P;8;SSD;256Gb;Intel Iris Xe Graphics;16;Win11;119900
Lenovo;Yoga 9 14IAP7;i5-1240P;16;SSD;512Gb;Intel Iris Xe Graphics;14;Win11;176900
Lenovo;Yoga 9 14IAP7;i5-1240P;16;SSD;512Gb;Intel Iris Xe Graphics;14;Win11;176900
Lenovo;Yoga 9 14IAP7;i7-1260P;16;SSD;1Tb;Intel Iris Xe Graphics;14;Win11;199900
Lenovo;Yoga 9 14IAP7;i7-1260P;16;SSD;1Tb;Intel Iris Xe Graphics;14;Win11;217900
Lenovo;Yoga Slim 7 Pro 14ARH7 ;Ryzen 5 6600HS;16;SSD;512Gb;AMD Radeon 660M Graphics;14;Win11;112900
Lenovo;Yoga Slim 7 Pro 14IAP7;i5-1240P;16;SSD;512Gb;Intel Iris Xe Graphics;14;Win11;122900
Lenovo;Yoga Slim 7 Pro 14IAP7;i7-1260P;16;SSD;1Tb;Intel Iris Xe Graphics;14;Win11;144900
Lenovo;Yoga Slim 7 Pro 16IAH7 ;i7-12700H;32;SSD;1Tb;Intel Arc A370M Graphics 4Gb;16;Win11;186900
Lenovo;Yoga Slim 7 ProX 14ARH7 ;Ryzen 9 6900HS;32;SSD;1Tb;NVIDIA RTX 3050 for Laptop;15,6;Win11;172900
Lenovo;Yoga Slim 7 ProX 14IAH7 ;i5-12500H;16;SSD;1Tb;NVIDIA RTX 3050 for Laptop;15,6;Win11;144900
Machenike;L15;i5-12450H;16;SSD;512Gb;NVIDIA RTX 3050Ti for Laptop;15;No OS;71990
Machenike;L15;i5-12450H;8;SSD;512Gb;NVIDIA RTX 3050 for Laptop;15;No OS;66990
Machenike;L15;i7-12700H;16;SSD;512Gb;NVIDIA RTX 3050Ti for Laptop;15;No OS;77990
Machenike;L15;i7-12700H;16;SSD;512Gb;NVIDIA RTX 3060 for Laptop;15;No OS;94990
Machenike;L15C;i5-12450H;16;SSD;512Gb;NVIDIA RTX 3050Ti for Laptop;15;Win11;79990
Machenike;L15C;i5-12450H;8;SSD;512Gb;NVIDIA GTX 1650 4Gb 15,6;15;No OS;62990
Machenike;L15C;i5-12450H;8;SSD;512Gb;NVIDIA GTX 1650 4Gb 15,6;15;Win11;65990
Machenike;L15C;i5-12450H;8;SSD;512Gb;NVIDIA RTX 3050 for Laptop;15;No OS;67990
Machenike;L15C;i5-12450H;8;SSD;512Gb;NVIDIA RTX 3050 for Laptop;15;Win11;71990
Machenike;L17;i5-12500H;16;SSD;512Gb;NVIDIA RTX 3060 for Laptop;17;No OS;91990
Machenike;L17;i5-12500H;16;SSD;512Gb;NVIDIA RTX 3060 for Laptop;17;Win11;99990
Machenike;L17;i7-11800H;16;SSD;512Gb;NVIDIA RTX 3050 for Laptop;17;No OS;75990
Machenike;L17;i7-11800H;16;SSD;512Gb;NVIDIA RTX 3050Ti for Laptop;17;Win11;87990
Machenike;L17;i7-12700H;32;SSD;512Gb;NVIDIA RTX 3060 for Laptop;17;No OS;104990
Machenike;Machcreator-A;i3-1115G4;8;SSD;256Gb;Intel UHD Graphics;15,6;Free DOS;37990
Machenike;Machcreator-A;i3-1115G4;8;SSD;512Gb;Intel UHD Graphics;15,6;Free DOS;40990
Machenike;Machcreator-A;i5-1135G7;16;SSD;512Gb;Intel Iris Xe Graphics;15,6;Free DOS;52990
Machenike;Machcreator-A;i7-1165G7;16;SSD;512Gb;Intel Iris Xe Graphics;15,6;Free DOS;61990
Machenike;Machcreator-E;i5-11300H;16;SSD;512Gb;Intel Iris Xe Graphics;15,6;No OS;51990
Machenike;Machcreator-E;i5-11300H;8;SSD;512Gb;Intel Iris Xe Graphics;15,6;No OS;49990
Machenike;S16;i5-12450H;8;SSD;512Gb;NVIDIA RTX 3050 for Laptop;16;No OS;72990
Machenike;S16;i5-12450H;8;SSD;512Gb;NVIDIA RTX 3050 for Laptop;16;Win11;73990
Machenike;S16;i5-12450H;8;SSD;512Gb;NVIDIA RTX 3050Ti for Laptop;16;No OS;73990
Machenike;S16;i5-12450H;8;SSD;512Gb;NVIDIA RTX 3050Ti for Laptop;16;Win11;76990
Machenike;S16;i7-12700H;16;SSD;512Gb;NVIDIA RTX 3060 for Laptop;16;No OS;98990
Machenike;S16;i7-12700H;16;SSD;512Gb;NVIDIA RTX 3060 for Laptop;16;No OS;98990
Machenike;S16;i7-12700H;16;SSD;512Gb;NVIDIA RTX 3060 for Laptop;16;Win11;103990
Machenike;S16;i9-12900H;32;SSD;1Tb;NVIDIA RTX 3060 for Laptop;16;No OS;126990
Machenike;S16;i9-12900H;32;SSD;512Gb;NVIDIA RTX 3060 for Laptop;16;No OS;118990
MAIBENBEN;M547;Ryzen 7 4700U;16;SSD;512Gb;AMD Radeon Graphics;15,6;Linux;41900
MAIBENBEN;M547;Ryzen 7 4700U;8;SSD;256Gb;AMD Radeon Graphics;15,6;Linux;37900
MAIBENBEN;M547;Ryzen 7 4700U;8;SSD;512Gb;AMD Radeon Graphics;15,6;Linux;39900
MAIBENBEN;M565;i5-1135G7;8;SSD;512Gb;Intel Iris Xe Graphics;15,6;Linux;52770
MAIBENBEN;M565;i5-1135G7;8;SSD;512Gb;Intel Iris Xe Graphics;15,6;Linux;55770
MAIBENBEN;M565;i5-1135G7;8;SSD;512Gb;Intel Iris Xe Graphics;15,6;Linux;55770
MAIBENBEN;M565;i7-1165G7;16;SSD;512Gb;Intel Iris Xe Graphics;15,6;Win11;59990
MAIBENBEN;P615;i5-11320H;16;SSD;512Gb;Intel Iris Xe Graphics;16;Linux;53990
MAIBENBEN;P615;i5-11320H;8;SSD;256Gb;Intel Iris Xe Graphics;16;Linux;49990
MAIBENBEN;P615;i5-11320H;8;SSD;512Gb;Intel Iris Xe Graphics;16;Linux;50990
MAIBENBEN;x MECHREVO X558;Ryzen 7 5800H;16;SSD;512Gb;NVIDIA RTX 3060 for Laptop;15,6;Linux;84490
MAIBENBEN;X525;i5-12450H;8;SSD;512Gb;NVIDIA RTX 3050 for Laptop;15,6;Linux;74770
MAIBENBEN;X558;Ryzen 7 5800H;16;SSD;1Tb;NVIDIA RTX 3060 for Laptop;15,6;Linux;91990
MAIBENBEN;X558;Ryzen 7 5800H;16;SSD;512Gb;NVIDIA RTX 3060 for Laptop;15,6;Linux;84490
MAIBENBEN;X558;Ryzen 7 5800H;32;SSD;1Tb;NVIDIA RTX 3060 for Laptop;15,6;Linux;96990
MAIBENBEN;X558;Ryzen 7 5800H;8;SSD;512Gb;NVIDIA RTX 3060 for Laptop;15,6;Linux;82990
MAIBENBEN;X757;Ryzen 7 5800H;16;SSD;1Tb;NVIDIA RTX 3070 for Laptop;15,6;Linux;119990
MAIBENBEN;X757;Ryzen 7 5800H;16;SSD;512Gb;NVIDIA RTX 3070 for Laptop;15,6;Linux;116990
MSI;Bravo 15 B5DD-414XRU;Ryzen 5 5600H;16;SSD;512Gb;AMD Radeon RX 5500M 4Gb;15;Free DOS;69990
MSI;Bravo 15 B5DD-415XRU;Ryzen 7 5800H;16;SSD;512Gb;AMD Radeon RX 5500M 4Gb;15;Free DOS;75900
MSI;Creator Z16 A12UET-063RU;i7-12700H;16;SSD;1Tb;NVIDIA RTX 3060 for Laptop;16;Win11;174990
MSI;Creator Z16 A12UET-064RU;i7-12700H;16;SSD;512Gb;NVIDIA RTX 3060 for Laptop;16;Win11Pro;137900
MSI;Creator Z16 Hiroshi Fujiwara-410RU;i7-11800H;16;SSD;512Gb;NVIDIA RTX 3060 for Laptop;16;Win11;159900
MSI;Creator Z16P B12UGST-027RU;i7-12700H;32;SSD;1Tb;NVIDIA RTX 3070Ti for Laptop;16;Win11;219900
MSI;Creator Z16P B12UHST-028RU;i9-12900H;32;SSD;2Tb;NVIDIA RTX 3080Ti for Laptop;16;Win11;309900
MSI;Creator Z17 A12UHST-258RU;i9-12900H;64;SSD;2Tb;NVIDIA RTX 3080Ti for Laptop;17;Win11;307400
MSI;CreatorPro M15 A11UIS-1083RU;i7-11800H;16;SSD;512Gb;NVIDIA RTX A1000 for Laptop;15;Win11Pro;121900
MSI;CreatorPro M16 A12UIS-688RU;i7-12700H;16;SSD;1Tb;NVIDIA RTX A1000 for Laptop;16;Win11Pro;143990
MSI;CreatorPro M17 A12UIS-271RU;i7-12700H;16;SSD;1Tb;NVIDIA RTX A1000 for Laptop;17;Win11Pro;152900
MSI;CreatorPro X17 A12UKS-206RU;i9-12900HX;64;SSD;2Tb;NVIDIA RTX A3000 for Laptop;17;Win11Pro;315400
MSI;CreatorPro X17 A12UMS-205RU;i9-12900HX;64;SSD;2Tb;NVIDIA RTX A5500 for Laptop;17;Win11Pro;376000
MSI;CreatorPro Z16P B12UMST-223RU;i9-12900H;64;SSD;2Tb;NVIDIA RTX A5500 for Laptop;16;Win11Pro;359990
MSI;CreatorPro Z17 A12UKST-259RU;i7-12700H;32;SSD;1Tb;NVIDIA RTX A3000 for Laptop;17;Win11Pro;258900
MSI;CreatorPro Z17 A12UMST-260RU;i9-12900H;64;SSD;2Tb;NVIDIA RTX A5500 for Laptop;17;Win11Pro;358600
MSI;GF63 11SC-623XRU Thin;i5-11400H;8;SSD;256Gb;NVIDIA GTX1650 MAX-Q 4Gb 15,6;15,6;Free DOS;61900
MSI;GF63 11UC-216RU Thin;i7-11800H;8;SSD;512Gb;NVIDIA RTX 3050 for Laptop;16;Win11;80600
MSI;GF63 11UC-217RU Thin;i5-11400H;8;SSD;512Gb;NVIDIA RTX 3050 for Laptop;17;Win11;73900
MSI;GF63 11UC-218XRU Thin;i7-11800H;8;SSD;512Gb;NVIDIA RTX 3050 for Laptop;15,6;Free DOS;77900
MSI;GF63 11UC-219XRU Thin;i5-11400H;8;SSD;512Gb;NVIDIA RTX 3050 for Laptop;15,6;Free DOS;71900
MSI;GF63 11UC-225XRU Thin;i7-11800H;16;SSD;512Gb;NVIDIA RTX 3050 for Laptop;15,6;Free DOS;86900
MSI;GF63 11UC-289X Thin;i5-11400H;8;SSD;512Gb;NVIDIA RTX 3050 for Laptop;15,6;Free DOS;75900
MSI;GF63 11UD-220RU Thin;i7-11800H;8;SSD;512Gb;NVIDIA RTX 3050Ti for Laptop;15,6;Win11;79900
MSI;GF63 11UD-221RU Thin;i5-11400H;8;SSD;512Gb;NVIDIA RTX 3050Ti for Laptop;15,6;Win11;79900
MSI;GF63 11UD-222XRU Thin;i7-11800H;8;SSD;512Gb;NVIDIA RTX 3050Ti for Laptop;15,6;Free DOS;76900
MSI;GF63 11UD-223XRU Thin;i5-11400H;8;SSD;512Gb;NVIDIA RTX 3050Ti for Laptop;15,6;Free DOS;70900
MSI;GF63 11UD-254XRU Thin;i5-11400H;8;SSD;256Gb;NVIDIA RTX 3050Ti for Laptop;15,6;Free DOS;67900
MSI;GF63 Thin 11SC-693US;i5-11400H;8;SSD;256Gb;NVIDIA GTX1650 MAX-Q 4Gb 15,6;15,6;Win11(ENG);59900
MSI;Katana GF66 11UC-1223XRU;i5-11400H;8;SSD;512Gb;NVIDIA RTX 3050 for Laptop;15,6;Free DOS;69900
MSI;Modern 14 C12M-238RU;i7-1255U;8;SSD;512Gb;Intel Iris Xe Graphics;14;Win11;65900
MSI;Modern 14 C12M-239RU;i5-1235U;8;SSD;512Gb;Intel Iris Xe Graphics;14;Win11;44900
MSI;Modern 14 C12M-240XRU;i5-1235U;8;SSD;512Gb;Intel Iris Xe Graphics;14;Free DOS;46900
MSI;Prestige 15 A12UC-221RU;i7-1280P;16;SSD;1Tb;NVIDIA RTX 3050 for Laptop;15;Win11;96900
MSI;Prestige 15 A12UC-222RU;i5-1240P;16;SSD;512Gb;NVIDIA RTX 3050 for Laptop;15;Win11;82900
MSI;Prestige 15 A12UD-225RU;i7-1280P;16;SSD;1Tb;NVIDIA RTX 3050Ti for Laptop;15;Win11Pro;138300
MSI;Pulse GL66 11UDK-418RU;i5-11400H;8;SSD;512Gb;NVIDIA RTX 3050Ti for Laptop;15,6;Win10;104900
MSI;Pulse GL66 12UCK-695RU;i7-12700H;8;SSD;512Gb;NVIDIA RTX 3050 for Laptop;15,6;Win11;89900
MSI;Pulse GL66 12UCK-696XRU;i5-12500H;8;SSD;512Gb;NVIDIA RTX 3050 for Laptop;15,6;Free DOS;75600
MSI;Pulse GL66 12UDK-697RU;i7-12700H;16;SSD;512Gb;NVIDIA RTX 3050Ti for Laptop;15,6;Win11;99900
MSI;Pulse GL66 12UDK-698XRU;i5-12500H;8;SSD;512Gb;NVIDIA RTX 3050Ti for Laptop;15,6;Free DOS;79300
MSI;Pulse GL66 12UEK-220RU;i7-12700H;16;SSD;512Gb;NVIDIA RTX 3060 for Laptop;15,6;Win11;112900
MSI;Pulse GL66 12UEK-289XRU;i5-12500H;8;SSD;512Gb;NVIDIA RTX 3060 for Laptop;15,6;Free DOS;91000
MSI;Pulse GL76 12UCK-051RU;i7-12700H;8;SSD;512Gb;NVIDIA RTX 3050 for Laptop;15,6;Win11;90500
MSI;Pulse GL76 12UCK-277RU;i5-12500H;8;SSD;512Gb;NVIDIA RTX 3050 for Laptop;15,6;Win11;94900
MSI;Pulse GL76 12UCK-278XRU;i7-12700H;8;SSD;512Gb;NVIDIA RTX 3050 for Laptop;15,6;Free DOS;92900
MSI;Pulse GL76 12UCK-279XRU;i5-12500H;8;SSD;512Gb;NVIDIA RTX 3050 for Laptop;15,6;Free DOS;91900
MSI;Pulse GL76 12UDK-280RU;i7-12700H;16;SSD;512Gb;NVIDIA RTX 3050Ti for Laptop;15,6;Win11;107100
MSI;Pulse GL76 12UDK-281XRU;i7-12700H;16;SSD;512Gb;NVIDIA RTX 3050Ti for Laptop;15,6;Free DOS;109900
MSI;Pulse GL76 12UDK-282XRU;i5-12500H;8;SSD;512Gb;NVIDIA RTX 3050Ti for Laptop;15,6;Free DOS;99900
MSI;Pulse GL76 12UEK-072RU;i7-12700H;16;SSD;1Tb;NVIDIA RTX 3060 for Laptop;15,6;Win11;139900
MSI;Pulse GL76 12UEK-088XRU;i5-12500H;16;SSD;512Gb;NVIDIA RTX 3060 for Laptop;15,6;Free DOS;115990
MSI;Raider GE66 12UGS-289RU;i7-12700H;16;SSD;1Tb;NVIDIA RTX 3070Ti for Laptop;15,6;Win11;209900
MSI;Raider GE66 12UGS-466RU;i9-12900HK;32;SSD;1Tb;NVIDIA RTX 3070Ti for Laptop;15,6;Win11;198900
MSI;Raider GE67HX 12UHS-099RU;i9-12900HX;32;SSD;2Tb;NVIDIA RTX 3080Ti for Laptop;15,6;Win11;276900
MSI;Raider GE77HX 12UHS-232RU;i7-12800HX;32;SSD;2Tb;NVIDIA RTX 3080Ti for Laptop;15,6;Win11;277900
MSI;Stealth 17M A12UEK-040RU;i7-1280P;16;SSD;1Tb;NVIDIA RTX 3060 for Laptop;17;Win11;143900
MSI;Stealth 17M A12UEK-041RU;i5-1240P;16;SSD;512Gb;NVIDIA RTX 3060 for Laptop;17;Win11;121900
MSI;Stealth GS66 12UGS-212RU;i7-12700H;32;SSD;1Tb;NVIDIA RTX 3070Ti for Laptop;15,6;Win11;174300
MSI;Stealth GS66 12UHS-267RU;i9-12900H;64;SSD;2Tb;NVIDIA RTX 3080Ti for Laptop;15,6;Win11;299900
MSI;Stealth GS77 12UHS-030RU;i9-12900H;64;SSD;2Tb;NVIDIA RTX 3080Ti for Laptop;15,6;Win11;325900
MSI;Summit E16 Flip A12UCT-212RU;i5-1240P;16;SSD;512Gb;NVIDIA RTX 3050 for Laptop;16;Win11;124900
MSI;Titan GT77 12UHS-208RU;i9-12900HX;64;SSD;3Tb;NVIDIA RTX 3080Ti for Laptop;15,6;Win11;373900
MSI;Vector GP66 12UGS-403RU;i7-12700H;16;SSD;1Tb;NVIDIA RTX 3070Ti for Laptop;15,6;Win11;199900
MSI;Vector GP66 12UGSO-671RU;i7-12700H;16;SSD;1Tb;NVIDIA RTX 3070Ti for Laptop;15,6;Win11;152900
Nerpa;Caspica A352-15;Ryzen 3 5300U;8;SSD;256Gb;AMD Radeon Graphics;15;No OS;51770
Nerpa;Caspica A552-15;Ryzen 5 5625U;16;SSD;512Gb;AMD Radeon Graphics;15;No OS;72770
Nerpa;Caspica A552-15;Ryzen 5 5625U;8;SSD;256Gb;AMD Radeon Graphics;15;No OS;67770
Nerpa;Caspica A552-15;Ryzen 5 5625U;8;SSD;512Gb;AMD Radeon Graphics;15;No OS;69770
Nerpa;Caspica A752-15;Ryzen 7 5825U;16;SSD;512Gb;AMD Radeon Graphics;15;No OS;78770
Nerpa;Caspica A752-15;Ryzen 7 5825U;8;SSD;512Gb;AMD Radeon Graphics;15;No OS;75770
Nerpa;Caspica I352-14;i3-1215U;8;SSD;256Gb;Intel UHD Graphics;14;No OS;59770
Nerpa;Caspica I352-14;i3-1215U;8;SSD;256Gb;Intel UHD Graphics;14;Win10Pro;64770
Nerpa;Caspica I352-14;i3-1215U;8;SSD;256Gb;Intel UHD Graphics;14;Win11Pro;64770
Nerpa;Caspica I352-14;i3-1215U;8;SSD;512Gb;Intel UHD Graphics;14;No OS;61770
Nerpa;Caspica I352-14;i3-1215U;8;SSD;512Gb;Intel UHD Graphics;14;Win10Pro;65770
Nerpa;Caspica I352-14;i3-1215U;8;SSD;512Gb;Intel UHD Graphics;14;Win11Pro;65770
Nerpa;Caspica I552-14;i5-1235U;16;SSD;512Gb;Intel Iris Xe Graphics;14;No OS;78770
Nerpa;Caspica I552-14;i5-1235U;16;SSD;512Gb;Intel Iris Xe Graphics;14;Win10Pro;82770
Nerpa;Caspica I552-14;i5-1235U;16;SSD;512Gb;Intel Iris Xe Graphics;14;Win11Pro;82770
Nerpa;Caspica I552-14;i5-1235U;8;SSD;256Gb;Intel Iris Xe Graphics;14;No OS;72770
Nerpa;Caspica I552-14;i5-1235U;8;SSD;256Gb;Intel Iris Xe Graphics;14;Win10Pro;76770
Nerpa;Caspica I552-14;i5-1235U;8;SSD;256Gb;Intel Iris Xe Graphics;14;Win11Pro;76770
Nerpa;Caspica I552-14;i5-1235U;8;SSD;512Gb;Intel Iris Xe Graphics;14;No OS;74770
Nerpa;Caspica I552-14;i5-1235U;8;SSD;512Gb;Intel Iris Xe Graphics;14;Win10Pro;78770
Nerpa;Caspica I552-14;i5-1235U;8;SSD;512Gb;Intel Iris Xe Graphics;14;Win11Pro;78770
Nerpa;Caspica I552-15;i5-1235U;16;SSD;512Gb;Intel Iris Xe Graphics;15;No OS;77770
Nerpa;Caspica I552-15;i5-1235U;8;SSD;256Gb;Intel Iris Xe Graphics;15;No OS;71770
Nerpa;Caspica I552-15;i5-1235U;8;SSD;512Gb;Intel Iris Xe Graphics;15;No OS;74770
Nerpa;Caspica I752-14;i7-1255U;16;SSD;1Tb;Intel Iris Xe Graphics;14;No OS;96770
Nerpa;Caspica I752-14;i7-1255U;16;SSD;1Tb;Intel Iris Xe Graphics;14;Win10Pro;101770
Nerpa;Caspica I752-14;i7-1255U;16;SSD;1Tb;Intel Iris Xe Graphics;14;Win11Pro;101770
Nerpa;Caspica I752-14;i7-1255U;16;SSD;512Gb;Intel Iris Xe Graphics;14;No OS;93770
Nerpa;Caspica I752-14;i7-1255U;16;SSD;512Gb;Intel Iris Xe Graphics;14;Win10Pro;97770
Nerpa;Caspica I752-14;i7-1255U;16;SSD;512Gb;Intel Iris Xe Graphics;14;Win11Pro;97770
Nerpa;Caspica I752-14;i7-1255U;8;SSD;512Gb;Intel Iris Xe Graphics;14;No OS;89770
Nerpa;Caspica I752-14;i7-1255U;8;SSD;512Gb;Intel Iris Xe Graphics;14;Win10Pro;93770
Nerpa;Caspica I752-14;i7-1255U;8;SSD;512Gb;Intel Iris Xe Graphics;14;Win11Pro;93770
Nerpa;Caspica I752-15;i7-1255U;16;SSD;1Tb;Intel Iris Xe Graphics;15;No OS;92770
Nerpa;Caspica I752-15;i7-1255U;16;SSD;512Gb;Intel Iris Xe Graphics;15;No OS;88770
Nerpa;Caspica I752-15;i7-1255U;32;SSD;512Gb;Intel Iris Xe Graphics;15;No OS;92770
Nerpa;Caspica I752-15;i7-1255U;8;SSD;512Gb;Intel Iris Xe Graphics;15;No OS;85770
Razer;Blade 14 P8-NT;Ryzen 9 6900HX;16;SSD;1Tb;NVIDIA RTX 3070Ti for Laptop;14;Win11(ENG);272770
Razer;Blade 14 P8-NT;Ryzen 9 6900HX;16;SSD;1Tb;NVIDIA RTX 3080Ti for Laptop;14;Win11(ENG);362770
Razer;Blade 15 CH8-NT;i7-12800H;16;SSD;1Tb;NVIDIA RTX 3060 for Laptop;15;Win11(ENG);262770
Razer;Blade 15 CH8-NT;i7-12800H;16;SSD;1Tb;NVIDIA RTX 3070Ti for Laptop;15;Win11(ENG);312770
Razer;Blade 15 CH8-NT;i7-12800H;16;SSD;1Tb;NVIDIA RTX 3070Ti for Laptop;15;Win11(ENG);312770
Razer;Blade 15 CH8-NT;i7-12800H;32;SSD;1Tb;NVIDIA RTX 3080Ti for Laptop;15;Win11(ENG);389770
Razer;Blade 15 CH8.5-NT;i9-12900H;16;SSD;1Tb;NVIDIA RTX 3070Ti for Laptop;15;Win11(ENG);342770
Razer;Blade 17 D8-NT;i7-12800H;16;SSD;1Tb;NVIDIA RTX 3070Ti for Laptop;17;Win11(ENG);333770
Razer;Blade 17 D8-NT;i7-12800H;16;SSD;1Tb;NVIDIA RTX 3070Ti for Laptop;17;Win11(ENG);333770
Razer;Blade 17 D8-NT;i7-12800H;32;SSD;1Tb;NVIDIA RTX 3080Ti for Laptop;17;Win11(ENG);410770
Razer;Blade 17 D8.5-NT;i7-12800H;16;SSD;1Tb;NVIDIA RTX 3060 for Laptop;17;Win11(ENG);292770
Razer;Blade 17 D8.5-NT;i9-12900H;16;SSD;1Tb;NVIDIA RTX 3070Ti for Laptop;17;Win11(ENG);353770
Rombica;myBook ECLIPCE;i3-1115G4;8;SSD;256Gb;Intel UHD Graphics;15,6;Free DOS;32990
Rombica;myBook ECLIPCE;i5-1135G7;8;SSD;512Gb;Intel Iris Xe Graphics;15,6;Free DOS;40990
Rombica;myBook ECLIPCE;i5-1235U;8;SSD;512Gb;Intel Iris Xe Graphics;15,6;Free DOS;44990
Rombica;myBook ECLIPCE;Ryzen 5 5600U;16;SSD;512Gb;AMD Radeon Graphics;15,6;Free DOS;52770
Samsung;Galaxy Book Flex2 AlphaNP730;i7-1165G7;16;SSD;512Gb;Iris Xe Graphics;15,6;Win11(ENG);84900
Samsung;Galaxy Book NP750;i7-1165G7;16;SSD;256Gb;Intel Iris Xe Graphics;15,6;Win10Pro(ENG);75900
TECNO;Megabook T1;i3-1005G1;12;SSD;256Gb;Intel UHD Graphics;15,6;Linux;39990
TECNO;Megabook T1;i3-1005G1;12;SSD;256Gb;Intel UHD Graphics;15,6;Linux;39990
TECNO;Megabook T1;i3-1005G1;12;SSD;256Gb;Intel UHD Graphics;15,6;Win11;42990
TECNO;Megabook T1;i3-1005G1;12;SSD;256Gb;Intel UHD Graphics;15,6;Win11;42990